model,original_pdf_page,voltage_v,frequency_hz,rpm,input_power_w,airflow_m3h,noise_dba,setting
B23E133H54-72-00,7,230.0,50/60,5220.0,88.0,450.0,68.0,50/60
B23E155H54-72-A0,8,230.0,50/60,3570.0,40.0,428.0,63.0,50/60
B23E175H62-72-A0,9,230.0,50/60,3650.0,80.0,670.0,74.0,50/60
B23E175H63-72-00,10,230.0,50/60,5030.0,166.0,880.0,68.0,50/60
B23E190H63-72-A0,11,230.0,50/60,3570.0,95.0,750.0,76.0,50/60
B23E190H63-72-00,12,230.0,50/60,4230.0,150.0,810.0,70.0,50/60
B23E220H64-72-A0,13,230.0,50/60,2600.0,75.0,850.0,71.0,50/60
B23E220H64-92-A1,14,230.0,50/60,3310.0,145.0,970.0,74.0,50/60
B23E225H81-72-A0,15,230.0,50/60,2200.0,80.0,1200.0,65.0,50/60
B23E225H89-92-00,16,230.0,50/60,3060.0,215.0,1455.0,71.0,50/60
B23E250H73-72-A0,17,230.0,50/60,2150.0,90.0,1230.0,68.0,50/60
B23E250H85-92-00,18,230.0,50/60,3170.0,295.0,1505.0,73.0,50/60
B23E250H87-102-00,19,230.0,50/60,3920.0,618.0,2166.0,75.0,50/60
B23E280H81-92-00,20,230.0,50/60,2220.0,195.0,1660.0,69.0,50/60
B23E280H128-92-B0,21,230.0,50/60,1950.0,195.0,2517.0,71.5,50/60
B23E280H128-102-B0,22,230.0,50/60,2500.0,370.0,3290.0,78.0,50/60
B23E280H128-102-B1,23,230.0,50/60,2750.0,500.0,3642.0,80.0,50/60
B23E280H133-102-00,24,230.0,50/60,3100.0,732.0,3916.0,76.0,50/60
B38E280H133-138-00,25,380.0,50/60,3450.0,1450.0,4075.0,79.0,50/60
B23E320H134-102-00,26,230.0,50/60,2150.0,355.0,2730.0,72.0,50/60
B23E320H134-102-01,27,230.0,50/60,2600.0,655.0,3250.0,77.0,50/60
B23E320H134-102-02,28,230.0,50/60,2300.0,445.0,2860.0,70.0,50/60
B23E320H105-102-00,29,230.0,50/60,2500.0,594.0,3332.0,75.0,50/60
B23E320H76-102-00,30,230.0,50/60,2480.0,484.0,2541.0,70.0,50/60
B23E320H128-102-00,31,230.0,50/60,2860.0,575.0,4386.0,79.0,50/60
B23E320H141-102-B0,32,230.0,50/60,2360.0,500.0,3721.0,81.0,50/60
B23E320H141-102-B1,33,230.0,50/60,2640.0,740.0,4000.0,84.0,50/60
B38E320H141-102-B0,34,380.0,50/60,2700.0,790.0,4000.0,84.0,50/60
B38E320H145-138-00,35,380.0,50/60,3028.0,1494.0,5168.0,78.0,50/60
B23E355H179-102-C0,36,230.0,50/60,1720.0,477.0,3840.0,78.0,50/60
B23E355H147-102-00,37,230.0,50/60,2055.0,645.0,3915.0,74.0,50/60
B38E355H179-102-C0,38,380.0,50/60,2400.0,1065.0,5800.0,82.0,50/60
B38E355H152-138-00,39,380.0,50/60,2710.0,1510.0,5935.0,77.0,50/60
B23E400H182-102-C1,40,230.0,50/60,1500.0,500.0,5755.0,80.0,50/60
B23E400H181-102-00,41,230.0,50/60,1520.0,650.0,5215.0,75.0,50/60
B23E400H182-102-C0,42,230.0,50/60,1920.0,770.0,5500.0,81.0,50/60
B38E400H182-102-B0,43,380.0,50/60,2060.0,1320.0,6950.0,89.0,50/60
B38E400H181-138-00,44,380.0,50/60,2060.0,1480.0,6700.0,77.0,50/60
B38E400H245-188-00,45,380.0,50/60,2405.0,2700.0,7485.0,81.0,50/60
B38E400H245-188-01,46,380.0,50/60,2745.0,3585.0,8305.0,85.0,50/60
B38E450H206-138-00,47,380.0,50/60,1725.0,1340.0,7455.0,79.0,50/60
B38E520H225-188-00,48,380.0,50/60,1700.0,2400.0,9815.0,84.0,50/60
B38E520H225-188-01,49,380.0,50/60,2200.0,4260.0,12830.0,88.0,50/60
B38E520H225-188-02,50,380.0,50/60,2200.0,5623.0,13304.0,93.0,50/60
B38E560H258-188-00,51,380.0,50/60,1500.0,2990.0,14170.0,83.0,50/60
B38E560H258-188-01,52,380.0,50/60,1620.0,3660.0,15275.0,87.0,50/60
B38E560H311-188-00,53,380.0,50/60,1770.0,5570.0,20710.0,87.0,50/60
B38E630H293-188-00,54,380.0,50/60,1260.0,2970.0,18330.0,84.0,50/60
B38E630H293-188-01,55,380.0,50/60,1380.0,3850.0,20100.0,88.0,50/60
B23A133H54-72-00,57,230.0,60,3453.0,34.0,293.0,58.0,60
B23A133H54-72-00,57,230.0,50,2904.0,33.0,249.0,57.0,50
B23A155H75-92-A0,58,230.0,60,3000.0,38.0,475.0,64.0,60
B23A155H75-92-A0,58,230.0,50,2650.0,32.0,440.0,61.0,50
B23A175H62-72-00,59,230.0,50,2775.0,43.0,480.0,60.0,50
B23A175H62-72-01,60,230.0,50,2770.0,46.0,508.0,63.0,50
B23A175H63-72-A0,61,230.0,60,2700.0,66.0,490.0,66.0,60
B23A175H63-72-A0,61,230.0,50,2500.0,52.0,430.0,64.0,50
B23A175H63-72-A1,62,230.0,50,2530.0,52.0,430.0,64.0,50 speed 1
B23A175H63-72-A1,62,230.0,50,2150.0,45.0,365.0,60.0,50 speed 2
B23A175H63-72-A1,62,230.0,50,1850.0,42.0,315.0,55.0,50 speed 3
B23A180H49-92-A0,63,230.0,60,2850.0,66.0,480.0,66.0,60
B23A180H49-92-A1,64,230.0,50,2560.0,52.0,430.0,63.0,50 speed 1
B23A180H49-92-A1,64,230.0,50,2200.0,42.0,370.0,59.0,50 speed 2
B23A180H49-92-A1,64,230.0,50,1900.0,40.0,320.0,55.0,50 speed 3
B23A190H63-72-00,65,230.0,50,2782.0,61.0,541.0,64.0,50
B23A190H63-92-00,66,230.0,60,2920.0,70.0,570.0,70.0,60
B23A190H62-92-00,67,230.0,50,2700.0,64.0,438.0,65.0,50
B23A190H63-92-A0,68,230.0,60,2700.0,76.0,580.0,68.0,60
B23A190H63-92-A1,69,230.0,50,2500.0,60.0,480.0,65.0,50 speed 1
B23A190H63-92-A1,69,230.0,50,2000.0,48.0,430.0,60.0,50 speed 2
B23A190H63-92-A1,69,230.0,50,1650.0,45.0,330.0,54.0,50 speed 3
B23A220H64-92-00,70,230.0,60,2780.0,142.0,980.0,67.0,60
B23A220H64-92-00,70,230.0,50,2530.0,112.0,900.0,66.0,50
B23A220H64-92-A1,71,230.0,50,2500.0,95.0,800.0,70.0,50 speed 1
B23A220H64-92-A1,71,230.0,50,2300.0,90.0,750.0,67.0,50 speed 2
B23A220H64-92-A1,71,230.0,50,2000.0,88.0,670.0,64.0,50 speed 3
B23A225H89-92-00,72,230.0,50,2655.0,148.0,1110.0,68.0,50
B23A225H90-92-00,73,230.0,60,2925.0,227.0,1293.0,71.0,60
B23A225H89-92-A0,74,230.0,60,2900.0,180.0,1250.0,72.0,60
B23A225H89-92-A0,74,230.0,50,2600.0,135.0,1100.0,70.0,50
B38A225H89-92-00,75,460.0,60,3095.0,242.0,1328.0,71.0,60
B38A225H89-92-00,75,380.0,50,2658.0,143.0,1142.0,68.0,50
B23A225H89-92-A1,76,230.0,50,2650.0,125.0,1100.0,70.0,50 speed 1
B23A225H89-92-A1,76,230.0,50,2500.0,120.0,1045.0,68.0,50 speed 2
B23A225H89-92-A1,76,230.0,50,2290.0,115.0,955.0,66.0,50 speed 3
B23A250H85-92-00,77,230.0,50,2700.0,200.0,1400.0,72.0,50
B38A250H85-92-00,78,380.0,50,2700.0,198.0,1402.0,72.0,50
B23A250H77-92-A0,79,230.0,60,2600.0,190.0,1300.0,76.0,60
B23A250H77-92-A0,79,230.0,50,2450.0,135.0,1250.0,74.0,50
B38A250H77-92-A0,80,380.0,60,2600.0,190.0,1300.0,76.0,60
B38A250H77-92-A0,80,380.0,50,2450.0,135.0,1250.0,74.0,50
B23A250H77-92-A1,81,230.0,50,2650.0,130.0,1150.0,68.0,50 speed 1
B23A250H77-92-A1,81,230.0,50,2400.0,125.0,1090.0,65.0,50 speed 2
B23A250H77-92-A1,81,230.0,50,2150.0,120.0,1000.0,61.0,50 speed 3
B23A250H84-92-A0,82,230.0,60,2900.0,283.0,1630.0,76.0,60
B23A250H84-92-A0,82,230.0,50,2600.0,192.0,1520.0,74.0,50
B23A250H100-92-A0,83,230.0,50,2800.0,290.0,1700.0,76.0,50
B38A250H100-92-A0,83,380.0,50,2800.0,290.0,1700.0,77.0,50
B23A280H81-92-00,84,230.0,50,2575.0,270.0,1770.0,74.7,50
B23A280H71-92-A0,85,230.0,50,2450.0,230.0,1650.0,78.0,50
B38A280H71-92-A0,85,380.0,50,2500.0,200.0,1650.0,79.0,50
B23A280H81-92-A0,86,230.0,50,2700.0,300.0,1780.0,80.0,50
B38A280H81-92-A0,86,380.0,50,2650.0,250.0,1780.0,80.0,50
B23A280H92-92-A0,87,230.0,50,2700.0,330.0,2100.0,80.0,50
B38A280H92-92-A0,87,380.0,50,2700.0,330.0,2100.0,80.0,50
B38A280H115-102-A0,88,380.0,60,3100.0,800.0,2700.0,85.0,60
B38A280H115-102-A0,88,380.0,50,2750.0,500.0,2400.0,82.0,50
B38A280H135-102-A0,89,380.0,50,2750.0,500.0,2600.0,78.0,50
B23A320H134-102-00,90,230.0,60,1550.0,176.0,1980.0,69.0,60
B23A320H134-102-00,90,230.0,50,1390.0,130.0,1770.0,67.0,50
B24A320H137-102-00,91,240.0,50,1370.0,137.0,996.0,66.0,50
B24A320H137-102-01,92,240.0,50,1550.0,169.0,1278.0,69.0,50
B23A320H87-102-A0,93,230.0,60,1600.0,115.0,1500.0,58.0,60
B23A320H87-102-A0,93,230.0,50,1400.0,95.0,1350.0,56.0,50
B23A320H107-102-A0,94,230.0,60,1600.0,135.0,1900.0,62.0,60
B23A320H107-102-A0,94,230.0,50,1400.0,105.0,1650.0,60.0,50
B23A320H135-102-A0,95,230.0,60,1580.0,180.0,2000.0,65.0,60
B23A320H135-102-A0,95,230.0,50,1400.0,135.0,1900.0,63.0,50
B23A320H135-102-A1,96,230.0,60,1050.0,85.0,1100.0,60.0,60
B23A320H135-102-A1,96,230.0,50,940.0,75.0,1000.0,58.0,50
B38A320H135-102-A0,97,380.0,60,1580.0,180.0,2000.0,65.0,60
B38A320H135-102-A0,97,380.0,50,1400.0,135.0,1900.0,63.0,50
B23A320H135-102-A2,98,230.0,50,1350.0,115.0,1850.0,63.0,50 speed 1
B23A320H135-102-A2,98,230.0,50,1100.0,85.0,1550.0,57.0,50 speed 2
B23A320H135-102-A2,98,230.0,50,850.0,65.0,1250.0,51.0,50 speed 3
B23A320H146-102-A0,99,230.0,60,1650.0,300.0,2500.0,66.0,60
B23A320H146-102-A0,99,230.0,50,1450.0,220.0,2250.0,63.0,50
B38A320H146-102-A0,100,380.0,60,1650.0,300.0,2500.0,66.0,60
B38A320H146-102-A0,100,380.0,50,1450.0,220.0,2250.0,63.0,50
B38A320H105-137-A0,101,380.0,60,3100.0,1400.0,3200.0,89.0,60
B38A320H105-137-A0,101,380.0,50,2750.0,900.0,2800.0,84.0,50
B38A320H118-137-A0,102,380.0,50,2750.0,800.0,3300.0,84.0,50
B38A320H146-137-A0,103,380.0,50,2650.0,1300.0,4000.0,85.0,50
B38A355H119-102-00,104,400.0,60,1650.0,434.0,3373.0,74.0,60
B38A355H119-102-00,104,380.0,50,1420.0,294.0,2892.0,70.0,50
B23A355H145-102-A0,105,230.0,60,1460.0,245.0,2580.0,65.0,60
B23A355H145-102-A0,105,230.0,50,1420.0,165.0,2450.0,63.0,50
B23A355H145-102-A1,106,230.0,60,1080.0,130.0,1320.0,61.0,60
B23A355H145-102-A1,106,230.0,50,930.0,100.0,1220.0,60.0,50
B38A355H145-102-A0,107,380.0,60,1460.0,245.0,2580.0,65.0,60
B38A355H145-102-A0,107,380.0,50,1420.0,165.0,2450.0,63.0,50
B23A355H147-102-00,108,230.0,60,1635.0,360.0,2890.0,73.0,60
B23A355H147-102-00,108,230.0,50,1425.0,255.0,2510.0,69.0,50
B38A355H147-102-00,109,380.0,50,1405.0,235.0,2535.0,70.0,50
B23A355H102-138-A0,110,220.0,50,2750.0,800.0,3150.0,82.0,50
B23A355H102-138-A0,110,380.0,50,2750.0,800.0,3150.0,82.0,50
B38A355H132-137-A0,111,380.0,60,2950.0,1700.0,4900.0,90.0,60
B38A355H132-137-A0,111,380.0,50,2650.0,1200.0,4500.0,88.0,50
B23A355H164-137-A0,112,230.0,60,1700.0,600.0,3900.0,77.0,60
B23A355H164-137-A0,112,230.0,50,1400.0,400.0,3300.0,72.0,50
B38A355H164-137-A0,113,380.0,60,1700.0,600.0,3900.0,77.0,60
B38A355H164-137-A0,113,380.0,50,1400.0,400.0,3300.0,72.0,50
B38A355H164-137-A1,114,380.0,60,2700.0,2500.0,4800.0,90.0,60
B23A355H169-137-A0,115,230.0,60,1550.0,280.0,3100.0,67.0,60
B23A355H169-137-A0,115,230.0,50,1350.0,210.0,2800.0,65.0,50
B38A355H169-137-A0,116,380.0,60,1550.0,280.0,3100.0,67.0,60
B38A355H169-137-A0,116,380.0,50,1350.0,210.0,2800.0,65.0,50
B23A400H147-137-A0,117,230.0,60,1450.0,330.0,2950.0,68.0,60
B23A400H147-137-A0,117,230.0,50,1350.0,260.0,2850.0,64.0,50
B23A400H147-137-A1,118,230.0,60,1050.0,155.0,2250.0,57.0,60
B23A400H147-137-A1,118,230.0,50,940.0,135.0,2150.0,56.0,50
B38A400H147-137-A0,119,380.0,60,1450.0,330.0,2950.0,68.0,60
B38A400H147-137-A0,119,380.0,50,1350.0,260.0,2850.0,64.0,50
B38A400H170-138-A0,120,380.0,50,1350.0,480.0,4200.0,65.0,50
B23A400H181-138-00,121,230.0,50,1445.0,480.0,4430.0,71.0,50
B38A400H181-138-00,122,380.0,50,1440.0,562.0,5034.0,72.0,50
B23A400H185-137-A0,123,230.0,50,1380.0,510.0,4400.0,69.0,50
B38A400H185-137-A0,123,380.0,50,1370.0,510.0,4400.0,69.0,50
B23A400H188-137-A0,124,230.0,50,1380.0,510.0,4400.0,69.0,50
B38A400H188-137-A0,124,380.0,50,1370.0,510.0,4400.0,69.0,50
B38A450H151-138-A0,125,380.0,60,1650.0,960.0,5800.0,79.0,60
B38A450H151-138-A0,125,380.0,50,1400.0,650.0,4900.0,75.0,50
B23A450H181-138-A0,126,230.0,50,1350.0,800.0,6000.0,78.0,50
B38A450H181-138-A0,126,380.0,50,1350.0,800.0,6000.0,78.0,50
B38A450H206-138-00,127,380.0,50,1405.0,755.0,5867.0,78.0,50
B23A450H206-138-00,128,230.0,50,1405.0,790.0,5900.0,78.0,50
B38A450H209-138-A0,129,380.0,50,1350.0,800.0,6700.0,79.0,50
B38A450H209-138-A1,130,380.0,50,1400.0,1100.0,7000.0,82.0,50
B23A450H218-138-A0,131,380.0,60,1050.0,360.0,4200.0,61.0,60
B23A450H218-138-A0,131,380.0,50,920.0,300.0,3900.0,60.0,50
B38A450H218-138-A0,132,380.0,60,1050.0,360.0,4200.0,61.0,60
B38A450H218-138-A0,132,380.0,50,920.0,300.0,3900.0,60.0,50
B38A520H159-137-A0,133,380.0,60,1600.0,1500.0,7000.0,82.0,60
B38A520H159-137-A0,133,380.0,50,1400.0,1000.0,6000.0,80.0,50
B38A520H202-180-00,134,380.0,50,1350.0,1000.0,7800.0,79.0,50
B38A520H225-180-00,135,380.0,50,1365.0,1485.0,8300.0,80.0,50
B38A520H234-180-A0,136,380.0,50,1400.0,1500.0,9500.0,80.0,50
B38A520H254-180-A0,137,380.0,60,1050.0,550.0,5700.0,65.0,60
B38A520H254-180-A0,137,380.0,50,950.0,450.0,5200.0,63.0,50
B38A560H198-180-A0,138,380.0,50,1350.0,2000.0,9900.0,85.0,50
B38A560H220-180-A0,139,380.0,50,1350.0,2500.0,11000.0,85.0,50
B38A560H220-180-A1,139,380.0,50,910.0,900.0,8000.0,73.0,50
B38A560H243-180-A0,140,380.0,50,1350.0,2500.0,12000.0,85.0,50
B38A560H243-180-A1,140,380.0,50,910.0,900.0,8800.0,73.0,50
B38A560H256-180-00,141,380.0,50,1310.0,2368.0,12315.0,83.0,50
B38A630H293-180-A0,142,380.0,50,900.0,1500.0,12000.0,80.0,50
B38A630H293-180-A1,142,380.0,50,700.0,700.0,9000.0,72.0,50
F23E108H51-72-B0,144,230.0,50/60,2800.0,50.0,240.0,64.0,50/60
F23E120H61-72-B0,145,230.0,50/60,2580.0,65.0,309.0,65.0,50/60
F23E133H46-72-B0,146,230.0,50/60,2600.0,82.0,290.0,66.0,50/60
F23E140H59-92-B0,147,230.0,50/60,2580.0,150.0,543.0,70.0,50/60
F23E160H62-92-B0,148,230.0,50/60,2050.0,150.0,630.0,71.0,50/60
F23E180H92-92-B0,149,230.0,50/60,2000.0,200.0,970.0,70.0,50/60
F23A180H92-102-B0,150,230.0,50/60,2460.0,495.0,1320.0,76.0,50/60
F23E200H83-92-B0,151,230.0,50/60,1600.0,220.0,1000.0,74.0,50/60
F23E200H102-102-B0,152,230.0,50/60,1900.0,500.0,1650.0,76.0,50/60
F23E225H100-102-B0,153,230.0,50/60,1250.0,355.0,1741.0,75.0,50/60
F23A120H61-92-A0,155,230.0,50,2550.0,50.0,200.0,51.0,50
F23A120H61-92-A0,155,230.0,60,2800.0,63.0,210.0,53.0,60
F23A133H73-92-A0,156,230.0,50,2300.0,70.0,290.0,61.0,50
F23A133H73-92-A0,156,230.0,60,2350.0,85.0,270.0,63.0,60
F23A140H60-92-A0,157,230.0,50,1600.0,100.0,330.0,52.0,50
F23A140H60-92-A0,157,230.0,60,1500.0,110.0,305.0,58.0,60
F23A140H60-92-A1,158,230.0,50,1600.0,100.0,330.0,52.0,50 speed 1
F23A140H60-92-A1,158,230.0,50,1200.0,65.0,240.0,40.0,50 speed 2
F23A140H60-92-A1,158,230.0,50,900.0,40.0,170.0,32.0,50 speed 3
F23A150H70-92-A0,159,230.0,50,2600.0,135.0,535.0,67.0,50
F23A150H70-92-A0,159,230.0,60,2850.0,180.0,485.0,71.0,60
F23A160H62-92-A0,160,230.0,50,1700.0,230.0,510.0,63.0,50
F23A160H62-92-A1,160,230.0,50,1500.0,68.0,400.0,68.0,50
F23A180H92-102-A0,161,230.0,50,1450.0,85.0,750.0,69.0,50
F23A200H52-92-A0,162,230.0,50,1300.0,120.0,540.0,58.0,50
F23A200H102-102-A0,163,230.0,50,1300.0,200.0,1000.0,66.0,50
F38A200H102-102-A0,163,380.0,50,1300.0,200.0,1000.0,66.0,50
F23A225H92-137-A0,164,230.0,50,1320.0,400.0,1400.0,73.0,50
F38A225H92-137-A0,164,380.0,50,1320.0,400.0,1400.0,73.0,50
F23A250H102-137-A0,165,230.0,50,1300.0,630.0,2400.0,74.0,50
F38A250H102-137-A0,165,380.0,50,1300.0,630.0,2400.0,74.0,50
F23A250H102-137-A1,166,230.0,50,950.0,200.0,1900.0,67.0,50
F38A250H102-137-A1,166,380.0,50,950.0,200.0,1900.0,67.0,50
F38A250H102-137-A2,167,380.0,50,1350.0,850.0,3300.0,80.0,50
F23A280H114-137-A0,168,230.0,50,750.0,550.0,2400.0,66.0,50
F38A280H114-137-A0,168,380.0,50,750.0,550.0,2400.0,66.0,50
F38A280H114-137-A1,169,380.0,50,1400.0,1400.0,4100.0,82.0,50
FS23E120H115-72-A0,171,230.0,50/60,1850.0,35.0,250.0,44.0,50/60
FS23E120H115-72-A1,172,230.0,50/60,2400.0,70.0,350.0,66.0,50/60
FS23E133H116-72-A0,173,230.0,50/60,1700.0,45.0,265.0,65.0,50/60
FS23E133H116-72-A1,174,230.0,50/60,2100.0,65.0,305.0,71.0,50/60
FS23E140H135-72-A0,175,230.0,50/60,1250.0,30.0,305.0,63.0,50/60
FS23E140H135-72-A1,176,230.0,50/60,1800.0,80.0,450.0,59.0,50/60
FS23E160H135-72-A0,177,230.0,50,1500.0,80.0,470.0,52.0,50
FS23E160H135-72-A1,178,230.0,50,1900.0,120.0,510.0,65.0,50
FS23E160H135-72-A2,179,230.0,50,1750.0,100.0,490.0,64.0,50
FS23E160H135-72-A3,180,230.0,50,1900.0,110.0,510.0,66.0,50
FS23E160H135-72-A4,181,230.0,50,2150.0,150.0,600.0,67.0,50
FS23E180H170-72-00,182,230.0,50,1440.0,177.0,958.0,64.0,50
FS23E180H183-92-A0,183,230.0,50,1600.0,300.0,1250.0,75.0,50
FS23E200H196-92-A0,184,230.0,50,1400.0,280.0,1380.0,64.0,50
FS23E225H202-102-A0,185,230.0,50,1250.0,400.0,1700.0,69.0,50
FS23E250H222-102-A0,186,230.0,50,950.0,330.0,1900.0,69.0,50
FS38E280H242-137-A0,187,230.0,50,1150.0,950.0,3000.0,79.0,50
FS23A120H115-72-00,189,230.0,50,1760.0,55.0,240.0,59.0,50
FS23A120H119-72-01,190,230.0,50,1750.0,62.0,268.0,59.0,50
FS23A120H119-72-02,190,230.0,50,1300.0,46.0,198.0,53.0,50
FS23A140H115-92-00,191,230.0,50,2395.0,148.0,415.0,65.0,50
FS38A160H130-92-00,192,380.0,50,2080.0,240.0,615.0,66.0,50
FS23A160H130-92-00,193,230.0,50,1945.0,235.0,585.0,65.0,50
FS23A160H169-92-01,194,230.0,50,1135.0,60.0,514.0,58.0,50
FS23A160H169-92-02,195,230.0,50,1425.0,123.0,642.0,62.0,50
FS23A180H169-92-00,196,230.0,50,1395.0,150.0,760.0,63.0,50
FS23A225H202-102-A0,197,230.0,50,1320.0,400.0,1440.0,73.0,50
FS38A225H202-102-A0,198,380.0,50,1390.0,400.0,1440.0,73.0,50
FS38A250H222-137-A0,199,380.0,50,1350.0,850.0,2800.0,80.0,50
FS38A250H222-137-A1,200,380.0,50/60,1300.0,630.0,2100.0,74.0,50/60
FS23A280H172-137-A0,201,230.0,50,2450.0,850.0,2100.0,75.0,50
FS23A280H172-137-A0,201,230.0,60,2200.0,1000.0,2150.0,70.0,60
FS38A280H242-137-A0,202,380.0,50,1400.0,1400.0,3510.0,82.0,50
FS38A315H262-188-A0,203,380.0,50,1350.0,2200.0,5000.0,85.0,50
FD23E120H180-92-A0,205,230.0,50/60,1900.0,70.0,420.0,59.0,50/60
FD23E133H254-92-A0,206,230.0,50/60,1500.0,80.0,580.0,59.0,50/60
FD23E133H254-92-A1,207,230.0,50/60,1700.0,115.0,660.0,60.0,50/60
FD23E146H309-92-A0,208,230.0,50/60,1300.0,80.0,815.0,61.0,50/60
FD23E146H309-92-A1,209,230.0,50/60,1700.0,165.0,1100.0,65.0,50/60
FD23E160H310-92-A0,210,230.0,50/60,1150.0,120.0,1260.0,60.0,50/60
FD23E160H310-92-A1,211,230.0,50/60,1500.0,260.0,1610.0,70.0,50/60
FD23E180H270-102-A0,212,230.0,50/60,1550.0,400.0,1970.0,74.0,50/60
FD23E200H265-102-A0,213,230.0,50/60,1150.0,300.0,2000.0,64.0,50/60
FD23E225H298-137-A0,214,230.0,50/60,1250.0,750.0,3350.0,77.0,50/60
FD38E225H290-137-A0,215,380.0,50/60,1450.0,1050.0,3500.0,78.0,50/60
FD23E250H317-137-A0,216,230.0,50/60,960.0,750.0,3950.0,75.0,50/60
FD38E250H17-137-A0,217,380.0,50/60,920.0,655.0,3650.0,74.0,50/60
FD23E280H340-137-A0,218,230.0,50/60,820.0,750.0,4280.0,74.0,50/60
FD38E280H340-137-A0,219,380.0,50/60,800.0,600.0,4070.0,72.0,50/60
FD38E315H450-188-A0,220,380.0,50/60,1070.0,2400.0,8360.0,81.0,50/60
FD38E355H431-188-A0,221,380.0,50/60,760.0,1700.0,8500.0,81.0,50/60
FD38E400H516-188-A0,222,380.0,50/60,735.0,2000.0,9800.0,80.0,50/60
FD23A120H175-92-A0,224,230.0,50,2100.0,85.0,400.0,56.0,50
FD23A120H175-92-A0,224,230.0,60,2200.0,95.0,380.0,57.0,60
FD23A133H190-92-A0,225,230.0,50,1450.0,70.0,320.0,40.0,50 speed 1
FD23A133H190-92-A0,225,230.0,50,1250.0,60.0,270.0,35.0,50 speed 2
FD23A133H190-92-A0,225,230.0,50,950.0,47.0,200.0,29.0,50 speed 3
FD23A133H254-92-A0,226,230.0,50,1500.0,190.0,680.0,60.0,50
FD23A133H254-92-A1,226,230.0,50,1200.0,70.0,550.0,55.0,50
FD23A133H254-92-A2,227,230.0,50,1900.0,220.0,660.0,62.0,50
FD23A133H309-92-A0,228,230.0,50,1200.0,250.0,780.0,58.0,50 speed 1
FD23A133H309-92-A0,228,230.0,50,900.0,205.0,580.0,51.0,50 speed 2
FD23A133H309-92-A0,228,230.0,50,700.0,175.0,460.0,46.0,50 speed 3
FD23A146H230-92-A0,229,230.0,50,1370.0,260.0,740.0,60.0,50
FD23A146H220-92-A0,230,230.0,50,1380.0,105.0,465.0,40.0,50 speed 1
FD23A146H220-92-A0,230,230.0,50,1120.0,75.0,360.0,35.0,50 speed 2
FD23A146H220-92-A0,230,230.0,50,880.0,58.0,275.0,29.0,50 speed 3
FD23A146H220-92-A1,231,230.0,50,1120.0,250.0,620.0,50.0,50 speed 1
FD23A146H220-92-A1,231,230.0,50,850.0,205.0,480.0,48.0,50 speed 2
FD23A146H220-92-A1,231,230.0,50,650.0,175.0,370.0,42.0,50 speed 3
FD23A146H220-92-A2,232,230.0,50,1370.0,260.0,740.0,60.0,50 speed 1
FD23A146H220-92-A2,232,230.0,50,1030.0,210.0,575.0,53.0,50 speed 2
FD23A146H220-92-A2,232,230.0,50,800.0,180.0,440.0,46.0,50 speed 3
FD23A146H220-92-A3,233,230.0,50,1230.0,95.0,625.0,57.0,50
FD23A146H220-92-A3,233,230.0,60,130.0,110.0,690.0,60.0,60
FD23A146H168-92-A0,234,230.0,50,1380.0,235.0,700.0,57.0,50 speed 1
FD23A146H168-92-A0,234,230.0,50,1030.0,195.0,500.0,48.0,50 speed 2
FD23A146H168-92-A0,234,230.0,50,800.0,165.0,390.0,42.0,50 speed 3
FD23A146H309-92-A0,235,230.0,50,1500.0,250.0,900.0,60.0,50
FD23A146H309-92-A1,235,230.0,50,1320.0,100.0,750.0,52.0,50
FD23A146H254-92-A0,236,230.0,50,1210.0,115.0,910.0,47.0,50
FD23A146H254-92-A0,236,230.0,60,1250.0,150.0,930.0,48.0,60
FD23A160H310-92-A0,237,230.0,50,1000.0,120.0,1010.0,54.0,50
FD23A180H270-92-A0,238,230.0,50,1250.0,200.0,1170.0,63.0,50
FD23A180H270-92-A1,239,230.0,50,1250.0,200.0,1170.0,63.0,50
FD23A200H230-102-A0,240,230.0,50,1200.0,350.0,1970.0,68.0,50
FD23A200H230-102-A0,240,230.0,60,1450.0,410.0,1680.0,71.0,60
FD23A200H301-137-A0,241,230.0,50,1300.0,600.0,2130.0,75.0,50
FD38A200H301-137-A0,241,380.0,50,1300.0,600.0,2130.0,75.0,50
FD23A200H301-137-A1,242,230.0,50,1280.0,620.0,2100.0,75.0,50 speed 1
FD23A200H301-137-A1,242,230.0,50,920.0,360.0,1250.0,60.0,50 speed 2
FD23A200H301-137-A1,242,230.0,50,810.0,300.0,1050.0,55.0,50 speed 3
FD23A225H304-137-A0,243,230.0,50,1300.0,650.0,2400.0,75.0,50
FD38A225H304-137-A0,243,380.0,50,1300.0,650.0,2400.0,75.0,50
FD23A225H304-137-A1,244,230.0,50,650.0,620.0,1290.0,73.0,50 speed 1
FD23A225H304-137-A1,244,230.0,50,370.0,360.0,920.0,60.0,50 speed 2
FD23A225H304-137-A1,244,230.0,50,310.0,300.0,670.0,56.0,50 speed 3
FD23A250H344-137-A0,245,230.0,50,1300.0,900.0,3950.0,77.0,50
FD38A250H344-137-A0,245,380.0,50,1300.0,900.0,3950.0,77.0,50
FD23A250H344-137-A1,246,230.0,50,1300.0,800.0,3450.0,73.0,50 speed 1
FD23A250H344-137-A1,246,230.0,50,1200.0,650.0,2600.0,66.0,50 speed 2
FD23A250H344-137-A1,246,230.0,50,1100.0,500.0,2000.0,61.0,50 speed 3
G23E250S-72-C0,248,230.0,50/60,2250.0,61.0,1400.0,60.0,50/60
G23E250S-92-C1,249,230.0,50/60,3000.0,120.0,1900.0,70.0,50/60
G23E300S-92-C0,250,230.0,50/60,2100.0,126.0,2690.0,65.0,50/60
G23E350S-92-C0,251,230.0,50/60,1700.0,139.0,3280.0,62.0,50/60
G23E350S-102-C1,252,230.0,50/60,2200.0,414.0,4400.0,72.0,50/60
G23E400S-102-C0,253,230.0,50/60,1600.0,273.0,4850.0,66.0,50/60
G23E450S-102-C0,254,230.0,50/60,1500.0,332.0,6000.0,67.0,50/60
G23E500S-102-C0,255,230.0,50/60,1380.0,343.0,6600.0,74.0,50/60
G23E500S-137-C0,256,230.0,50/60,1750.0,498.0,8650.0,72.0,50/60
G23E500S-137-C1,257,230.0,50/60,1750.0,495.0,8650.0,72.0,50/60
G38E500S-137-C0,258,380.0,50/60,1750.0,488.0,8650.0,72.0,50/60
S23E500S-137-C0,259,230.0,50/60,1750.0,498.0,8650.0,72.0,50/60
S23E500S-137-C1,260,230.0,50/60,1750.0,495.0,8650.0,72.0,50/60
S38E500S-137-C0,261,380.0,50/60,1750.0,488.0,8650.0,72.0,50/60
R23E500S-137-C0,262,230.0,50/60,1750.0,420.0,8650.0,72.0,50/60
R23E500S-137-C1,263,230.0,50/60,1750.0,420.0,8650.0,72.0,50/60
R38E500S-137-C0,264,380.0,50/60,1750.0,410.0,8650.0,72.0,50/60
G23E550S-102-C0,265,230.0,50/60,1200.0,445.0,8900.0,69.0,50/60
G23E550S-102-C1,266,230.0,50/60,1450.0,800.0,10800.0,73.0,50/60
G38E550S-137-C2,267,380.0,50/60,1580.0,1025.0,11600.0,75.0,50/60
S23E550S-102-C0,268,230.0,50/60,1200.0,445.0,8900.0,69.0,50/60
S23E550S-102-C1,269,230.0,50/60,1450.0,800.0,10800.0,73.0,50/60
S38E550S-137-C0,270,380.0,50/60,1580.0,1025.0,11600.0,75.0,50/60
G23E630S-102-C0,271,230.0,50/60,1050.0,614.0,12000.0,67.0,50/60
G23E630S-102-C1,272,230.0,50/60,1200.0,895.0,13100.0,74.0,50/60
G23E630S-102-C2,273,230.0,50/60,1530.0,1092.0,13800.0,78.0,50/60
G23E630S-137-C2,274,230.0,50/60,1200.0,887.0,13100.0,74.0,50/60
G38E630S-137-C1,275,380.0,50/60,1660.0,1330.0,14500.0,80.0,50/60
S23E630S-102-C0,276,230.0,50/60,1050.0,614.0,12000.0,67.0,50/60
S23E630S-102-C1,277,230.0,50/60,1200.0,895.0,13100.0,74.0,50/60
S23E630S-102-C2,278,230.0,50/60,1530.0,1092.0,13800.0,78.0,50/60
S38E630S-137-C0,279,380.0,50/60,1200.0,887.0,13100.0,74.0,50/60
S38E630S-137-C1,280,380.0,50/60,1660.0,1282.0,14500.0,80.0,50/60
S38E630S-188-C0,281,380.0,50/60,1410.0,1318.0,13100.0,72.0,50/60
S38E630S-188-C1,282,380.0,50/60,1760.0,2572.0,20800.0,82.0,50/60
R23E630S-102-C0,283,230.0,50/60,1050.0,520.0,11600.0,70.0,50/60
R23E630S-102-C1,284,230.0,50/60,1200.0,710.0,11600.0,70.0,50/60
R38E630S-137-C0,285,380.0,50/60,1200.0,698.0,13950.0,74.0,50/60
S23E710S-137-C0,286,230.0,50/60,1150.0,662.0,13150.0,66.0,50/60
S23E710S-137-C1,287,230.0,50/60,1150.0,675.0,13150.0,66.0,50/60
S38E710S-137-C0,288,380.0,50/60,1200.0,694.0,15900.0,69.0,50/60
S38E710S-188-C0,289,380.0,50/60,1200.0,1146.0,18500.0,74.0,50/60
S38E710S-188-C1,290,380.0,50/60,1400.0,1861.0,21200.0,76.0,50/60
S23E800S-137-C0,291,230.0,50/60,800.0,509.0,14150.0,65.0,50/60
S38E800S-137-C0,292,380.0,50/60,900.0,607.0,15800.0,70.0,50/60
S38E800S-188-C0,293,380.0,50/60,1000.0,1500.0,21600.0,74.0,50/60
S38E800S-225-01,294,380.0,50,973.0,1800.0,25320.0,69.0,50
S38E800S-225-02,295,380.0,50,973.0,1800.0,25320.0,69.0,50
S38E800S-225-03,296,380.0,50,1020.0,2220.0,28000.0,72.0,50
R38E800S-188-C0,297,380.0,50/60,1000.0,1409.0,24600.0,72.0,50/60
S38E850S-225-00,298,380.0,50,1000.0,1875.0,26136.0,72.0,50
S23E900S-137-C0,299,230.0,50/60,750.0,455.0,18200.0,72.0,50/60
S23E900S-137-C1,300,230.0,50/60,750.0,425.0,18000.0,72.0,50/60
S38E900S-137-C1,301,380.0,50/60,750.0,415.0,18100.0,72.0,50/60
S38E900S-188-C0,302,380.0,50/60,940.0,1645.0,31500.0,76.0,50/60
S38E900S-188-C1,303,380.0,50/60,1020.0,1926.0,29500.0,76.0,50/60
S38E900S-188-C2,304,380.0,50/60,1030.0,1930.0,32500.0,77.0,50/60
S38E900S-188-C3,305,380.0,50/60,1100.0,2355.0,39500.0,78.0,50/60
S38E900S-188-C4,306,380.0,50/60,1000.0,1771.0,32000.0,78.0,50/60
S38E900S-225-00,307,380.0,50,983.0,1850.0,27898.0,73.0,50
S38E900S-225-01,308,380.0,50,1005.0,2295.0,31908.0,75.0,50
S23A200S-72-00,310,220.0,50,2820.0,54.0,865.0,58.0,50
S23A200S-72-01,311,230.0,50,2680.0,67.0,893.0,63.0,50
S23A200S-72-01,311,230.0,60,3044.0,85.0,1019.0,66.0,60
R40A250S-72-00,312,400.0,60,2945.0,160.0,1794.0,65.0,60
R23A250S-72-00,312,230.0,50,2665.0,137.0,1641.0,62.0,50
A23A290S-72-00,313,220.0,60,1585.0,79.8,1751.0,55.0,60
R40A300S-92-00,314,400.0,50,2920.0,390.0,3150.0,68.0,50
R23A300S-92-00,314,230.0,50,2740.0,417.0,2950.0,65.0,50
G40A350S-92-00,315,380.0,50,1425.0,185.0,2863.0,62.0,50
G23A350S-92-00,315,230.0,50,1425.0,185.0,2863.0,62.0,50
G23A400S-102-00,316,230.0,50,1400.0,270.0,3768.0,66.0,50
G38A450S-102-00,317,380.0,50,1398.0,479.0,5411.0,63.0,50
G40A500S-102-00,318,460.0,60,1620.0,955.0,9000.0,72.0,60
G40A500S-102-00,318,400.0,50,1410.0,655.0,8080.0,69.0,50
G40A550S-138-00,319,460.0,60,1785.0,1420.0,11335.0,74.0,60
G40A550S-138-00,319,400.0,50,1440.0,922.0,9540.0,72.0,50
S23A630S-155-00,320,230.0,50,925.0,785.0,10500.0,67.0,50
G23A630S-155-00,321,230.0,50,925.0,785.0,10500.0,67.0,50
S38A630S-155-00,322,380.0,50,925.0,785.0,10500.0,67.0,50
G38A630S-155-00,323,380.0,50,925.0,785.0,10500.0,67.0,50
G38A630S-188-00,324,380.0,50,1398.0,2550.0,17933.0,76.0,50
S38A710S-155-00,325,380.0,50,880.0,775.0,14500.0,71.0,50
G38A710S-155-00,326,380.0,50,880.0,775.0,14500.0,71.0,50
S38A710S-155-01,327,380.0,50,960.0,980.0,17000.0,72.0,50
G38A710S-155-01,328,380.0,50,960.0,980.0,17000.0,72.0,50
S38A710S-180-01,329,380.0,50,940.0,920.0,15090.0,72.0,50
S38A800S-225-00,330,380.0,50,920.0,2265.0,23300.0,78.9,50
G38A800S-225-00,331,380.0,50,920.0,2265.0,23300.0,78.9,50
G38A800S-225-01,332,380.0,50,1100.0,2530.0,20778.0,75.0,50
S38A900S-225-00,333,380.0,50,930.0,2855.0,29945.0,74.0,50
D23E190D100-92-00,335,220.0,50/60,3200.0,80.0,315.0,72.0,50/60
D23E220D125-92-00,336,220.0,50/60,3400.0,85.0,375.0,69.0,50/60
D23E225D150-92-00,337,220.0,50/60,2650.0,85.0,680.0,65.0,50/60
D23E225D160-92-00,338,220.0,50/60,2750.0,85.0,665.0,68.0,50/60
D23E250D200-92-00,339,220.0,50/60,2700.0,170.0,1190.0,71.0,50/60
D23E250D250-92-00,340,220.0,50/60,2700.0,170.0,1200.0,72.0,50/60
D23E280D315-92-00,341,220.0,50/60,2700.0,220.0,1780.0,77.0,50/60
D23A190D100-92-00,343,220.0,50,2335.0,50.0,235.0,64.0,50
D23A190D100-92-01,343,220.0,50,2095.0,44.0,180.0,58.0,50
D23A190D125-92-00,344,220.0,50,2275.0,51.0,325.0,63.0,50
D23A190D125-92-01,344,220.0,50,1720.0,44.0,245.0,56.0,50
D23A225D150-92-00,345,220.0,50,2250.0,70.0,465.0,68.0,50
D23A225D150-92-01,345,220.0,50,1730.0,60.0,355.0,62.0,50
D23A225D160-92-00,346,220.0,50,2310.0,70.0,495.0,70.0,50
D23A225D160-92-01,346,220.0,50,1850.0,60.0,395.0,65.0,50
D23A250D200-92-00,347,220.0,50,2545.0,175.0,920.0,72.0,50
D23A250D200-92-01,347,220.0,50,2255.0,175.0,815.0,70.0,50
D23A250D250-92-00,348,220.0,50,2765.0,180.0,920.0,71.3,50
D23A250D250-92-01,348,220.0,50,2495.0,170.0,830.0,69.7,50
D23A280D315-92-00,349,220.0,50,2415.0,255.0,1490.0,73.0,50
D23A280D315-92-01,349,220.0,50,2190.0,235.0,1325.0,71.3,50
