manufacturer,series,model,fan_type,arrangement,motor_type,impeller_diameter_mm,wheel_width_mm,blade_count,blade_family,airflow_m3h,static_pressure_pa,total_pressure_pa,rpm,input_power_w,shaft_power_w,efficiency_pct,noise_dba,voltage_v,frequency_hz,current_a,material,ip_rating,insulation_class,control,operating_temp,width_mm,height_mm,depth_mm,weight_kg,source_file,source_page,data_status,notes
Longwell,AC Forward Curved,LWFA2E108-072NS-01,Forward curved / Sirocco,SWSI / single inlet,AC,108.0,,,,155.0,185.0,,2550.0,30.0,,,53.0,230.0,50,,Galvanised sheet steel,IP54,F,,-30 to +60 C,,,,,AC Forward Centrifugal Fan longwell.pdf,6,Technical table parsed - review,Longwell technical-table fields parsed by named column positions. Air Flow and Air Pressure are treated by v27 inverse design as separate catalogue endpoints unless the plotted performance curve proves simultaneity.
Longwell,AC Forward Curved,LWFA2E120-092NS-01,Forward curved / Sirocco,SWSI / single inlet,AC,120.0,,,,206.0,278.0,,2550.0,50.0,,,51.0,230.0,50,0.25,Galvanised sheet steel,IP54,F,,-30 to +60 C,,,,,AC Forward Centrifugal Fan longwell.pdf,6,Technical table parsed - review,Longwell technical-table fields parsed by named column positions. Air Flow and Air Pressure are treated by v27 inverse design as separate catalogue endpoints unless the plotted performance curve proves simultaneity.
Longwell,AC Forward Curved,LWFA2E120-092NS-02,Forward curved / Sirocco,SWSI / single inlet,AC,120.0,,,,216.0,391.0,,2800.0,63.0,,,53.0,230.0,60,0.3,Galvanised sheet steel,IP54,F,,-30 to +60 C,,,,,AC Forward Centrifugal Fan longwell.pdf,6,Technical table parsed - review,Longwell technical-table fields parsed by named column positions. Air Flow and Air Pressure are treated by v27 inverse design as separate catalogue endpoints unless the plotted performance curve proves simultaneity.
Longwell,AC Forward Curved,LWFA2E133-092NS-01,Forward curved / Sirocco,SWSI / single inlet,AC,133.0,,,,299.0,361.0,,2300.0,83.0,,,61.0,230.0,50,0.32,Galvanised sheet steel,IP54,F,,-30 to +60 C,,,,,AC Forward Centrifugal Fan longwell.pdf,7,Technical table parsed - review,Longwell technical-table fields parsed by named column positions. Air Flow and Air Pressure are treated by v27 inverse design as separate catalogue endpoints unless the plotted performance curve proves simultaneity.
Longwell,AC Forward Curved,LWFA2E140-092NS-01,Forward curved / Sirocco,SWSI / single inlet,AC,140.0,,,,335.0,330.0,,1600.0,100.0,,,52.0,230.0,50,0.42,Galvanised sheet steel,IP54,F,,-30 to +60 C,,,,,AC Forward Centrifugal Fan longwell.pdf,7,Technical table parsed - review,Longwell technical-table fields parsed by named column positions. Air Flow and Air Pressure are treated by v27 inverse design as separate catalogue endpoints unless the plotted performance curve proves simultaneity.
Longwell,AC Forward Curved,LWFA2E133-092NS-02,Forward curved / Sirocco,SWSI / single inlet,AC,133.0,,,,278.0,464.0,,2350.0,95.0,,,63.0,230.0,60,0.4,Galvanised sheet steel,IP54,F,,-30 to +60 C,,,,,AC Forward Centrifugal Fan longwell.pdf,7,Technical table parsed - review,Longwell technical-table fields parsed by named column positions. Air Flow and Air Pressure are treated by v27 inverse design as separate catalogue endpoints unless the plotted performance curve proves simultaneity.
Longwell,AC Forward Curved,LWFA2E140-092NS-02,Forward curved / Sirocco,SWSI / single inlet,AC,140.0,,,,314.0,484.0,,1500.0,110.0,,,58.0,230.0,60,0.47,Galvanised sheet steel,IP54,F,,-30 to +60 C,,,,,AC Forward Centrifugal Fan longwell.pdf,7,Technical table parsed - review,Longwell technical-table fields parsed by named column positions. Air Flow and Air Pressure are treated by v27 inverse design as separate catalogue endpoints unless the plotted performance curve proves simultaneity.
Longwell,AC Forward Curved,LWFA2E150-092NS-01,Forward curved / Sirocco,SWSI / single inlet,AC,150.0,,,,551.0,464.0,,2600.0,135.0,,,67.0,230.0,50,0.65,Galvanised sheet steel,IP54,F,,-30 to +60 C,,,,,AC Forward Centrifugal Fan longwell.pdf,8,Technical table parsed - review,Longwell technical-table fields parsed by named column positions. Air Flow and Air Pressure are treated by v27 inverse design as separate catalogue endpoints unless the plotted performance curve proves simultaneity.
Longwell,AC Forward Curved,LWFA2E140-092NS-03,Forward curved / Sirocco,SWSI / single inlet,AC,140.0,,,,247.0,340.0,,1200.0,65.0,,,40.0,230.0,50,0.3,Galvanised sheet steel,IP54,F,,-30 to +60 C,,,,,AC Forward Centrifugal Fan longwell.pdf,8,Technical table parsed - review,Longwell technical-table fields parsed by named column positions. Air Flow and Air Pressure are treated by v27 inverse design as separate catalogue endpoints unless the plotted performance curve proves simultaneity.
Longwell,AC Forward Curved,LWFA2E150-092NS-02,Forward curved / Sirocco,SWSI / single inlet,AC,150.0,,,,500.0,649.0,,2850.0,180.0,,,71.0,230.0,60,0.82,Galvanised sheet steel,IP54,F,,-30 to +60 C,,,,,AC Forward Centrifugal Fan longwell.pdf,8,Technical table parsed - review,Longwell technical-table fields parsed by named column positions. Air Flow and Air Pressure are treated by v27 inverse design as separate catalogue endpoints unless the plotted performance curve proves simultaneity.
Longwell,AC Forward Curved,LWFA2E160-092NS-01,Forward curved / Sirocco,SWSI / single inlet,AC,160.0,,,,525.0,556.0,,1800.0,230.0,,,69.0,230.0,50,1.0,Galvanised sheet steel,IP54,F,,-30 to +60 C,,,,,AC Forward Centrifugal Fan longwell.pdf,9,Technical table parsed - review,Longwell technical-table fields parsed by named column positions. Air Flow and Air Pressure are treated by v27 inverse design as separate catalogue endpoints unless the plotted performance curve proves simultaneity.
Longwell,AC Forward Curved,LWFA4E180-092NS-01,Forward curved / Sirocco,SWSI / single inlet,AC,180.0,,,,773.0,196.0,,1450.0,85.0,,,69.0,230.0,50,0.52,Galvanised sheet steel,IP54,F,,-30 to +60 C,,,,,AC Forward Centrifugal Fan longwell.pdf,9,Technical table parsed - review,Longwell technical-table fields parsed by named column positions. Air Flow and Air Pressure are treated by v27 inverse design as separate catalogue endpoints unless the plotted performance curve proves simultaneity.
Longwell,AC Forward Curved,LWFA4E160-092NS-02,Forward curved / Sirocco,SWSI / single inlet,AC,160.0,,,,412.0,155.0,,1400.0,68.0,,,58.0,230.0,50,0.3,Galvanised sheet steel,IP54,F,,-30 to +60 C,,,,,AC Forward Centrifugal Fan longwell.pdf,9,Technical table parsed - review,Longwell technical-table fields parsed by named column positions. Air Flow and Air Pressure are treated by v27 inverse design as separate catalogue endpoints unless the plotted performance curve proves simultaneity.
Longwell,AC Forward Curved,LWFA4D200-102NT-01,Forward curved / Sirocco,SWSI / single inlet,AC,200.0,,,,1236.0,227.0,,1270.0,330.0,,,59.0,380.0,50,0.63,Galvanised sheet steel,IP54,F,,-30 to +60 C,,,,,AC Forward Centrifugal Fan longwell.pdf,10,Technical table parsed - review,Longwell technical-table fields parsed by named column positions. Air Flow and Air Pressure are treated by v27 inverse design as separate catalogue endpoints unless the plotted performance curve proves simultaneity.
Longwell,AC Forward Curved,LWFA4D225-138NT-01,Forward curved / Sirocco,SWSI / single inlet,AC,225.0,,,,1648.0,288.0,,1300.0,490.0,,,65.0,380.0,50,0.82,Galvanised sheet steel,IP54,F,,-30 to +60 C,,,,,AC Forward Centrifugal Fan longwell.pdf,10,Technical table parsed - review,Longwell technical-table fields parsed by named column positions. Air Flow and Air Pressure are treated by v27 inverse design as separate catalogue endpoints unless the plotted performance curve proves simultaneity.
Longwell,AC Forward Curved,LWFA4E200-102NS-02,Forward curved / Sirocco,SWSI / single inlet,AC,200.0,,,,1236.0,227.0,,1280.0,330.0,,,59.0,230.0,50,1.52,Galvanised sheet steel,IP54,F,,-30 to +60 C,,,,,AC Forward Centrifugal Fan longwell.pdf,10,Technical table parsed - review,Longwell technical-table fields parsed by named column positions. Air Flow and Air Pressure are treated by v27 inverse design as separate catalogue endpoints unless the plotted performance curve proves simultaneity.
Longwell,AC Forward Curved,LWFA4E225-138NS-02,Forward curved / Sirocco,SWSI / single inlet,AC,225.0,,,,1761.0,288.0,,1320.0,510.0,,,65.0,230.0,50,2.3,Galvanised sheet steel,IP54,F,,-30 to +60 C,,,,,AC Forward Centrifugal Fan longwell.pdf,10,Technical table parsed - review,Longwell technical-table fields parsed by named column positions. Air Flow and Air Pressure are treated by v27 inverse design as separate catalogue endpoints unless the plotted performance curve proves simultaneity.
Longwell,AC Forward Curved,LWFA6D225-138NT-03,Forward curved / Sirocco,SWSI / single inlet,AC,225.0,,,,1339.0,237.0,,930.0,300.0,,,59.0,380.0,50,0.81,Galvanised sheet steel,IP54,F,,-30 to +60 C,,,,,AC Forward Centrifugal Fan longwell.pdf,10,Technical table parsed - review,Longwell technical-table fields parsed by named column positions. Air Flow and Air Pressure are treated by v27 inverse design as separate catalogue endpoints unless the plotted performance curve proves simultaneity.
Longwell,AC Forward Curved,LWFA4D250-138NT-01,Forward curved / Sirocco,SWSI / single inlet,AC,250.0,,,,2369.0,407.0,,1400.0,870.0,,,72.0,380.0,50,1.8,Galvanised sheet steel,IP54,F,,-30 to +60 C,,,,,AC Forward Centrifugal Fan longwell.pdf,11,Technical table parsed - review,Longwell technical-table fields parsed by named column positions. Air Flow and Air Pressure are treated by v27 inverse design as separate catalogue endpoints unless the plotted performance curve proves simultaneity.
Longwell,AC Forward Curved,LWFA4D280-188NT-01,Forward curved / Sirocco,SWSI / single inlet,AC,280.0,,,,3502.0,464.0,,1360.0,1700.0,,,77.0,380.0,50,3.2,Galvanised sheet steel,IP54,F,,-30 to +60 C,,,,,AC Forward Centrifugal Fan longwell.pdf,11,Technical table parsed - review,Longwell technical-table fields parsed by named column positions. Air Flow and Air Pressure are treated by v27 inverse design as separate catalogue endpoints unless the plotted performance curve proves simultaneity.
Longwell,AC Forward Curved,LWFA4E250-138NS-02,Forward curved / Sirocco,SWSI / single inlet,AC,250.0,,,,2575.0,402.0,,1330.0,900.0,,,72.0,220.0,50,4.1,Galvanised sheet steel,IP54,F,,-30 to +60 C,,,,,AC Forward Centrifugal Fan longwell.pdf,11,Technical table parsed - review,Longwell technical-table fields parsed by named column positions. Air Flow and Air Pressure are treated by v27 inverse design as separate catalogue endpoints unless the plotted performance curve proves simultaneity.
Longwell,AC Forward Curved,LWFA4E280-188NS-02,Forward curved / Sirocco,SWSI / single inlet,AC,280.0,,,,2884.0,391.0,,1360.0,1600.0,,,77.0,220.0,50,7.3,Galvanised sheet steel,IP54,F,,-30 to +60 C,,,,,AC Forward Centrifugal Fan longwell.pdf,11,Technical table parsed - review,Longwell technical-table fields parsed by named column positions. Air Flow and Air Pressure are treated by v27 inverse design as separate catalogue endpoints unless the plotted performance curve proves simultaneity.
Longwell,AC Forward Curved,LWFA6D250-102NT-03,Forward curved / Sirocco,SWSI / single inlet,AC,250.0,,,,1751.0,165.0,,910.0,320.0,,,62.0,380.0,50,0.81,Galvanised sheet steel,IP54,F,,-30 to +60 C,,,,,AC Forward Centrifugal Fan longwell.pdf,11,Technical table parsed - review,Longwell technical-table fields parsed by named column positions. Air Flow and Air Pressure are treated by v27 inverse design as separate catalogue endpoints unless the plotted performance curve proves simultaneity.
Longwell,AC Forward Curved,LWFA6D280-138NT-03,Forward curved / Sirocco,SWSI / single inlet,AC,280.0,,,,2318.0,247.0,,900.0,450.0,,,65.0,380.0,50,0.88,Galvanised sheet steel,IP54,F,,-30 to +60 C,,,,,AC Forward Centrifugal Fan longwell.pdf,11,Technical table parsed - review,Longwell technical-table fields parsed by named column positions. Air Flow and Air Pressure are treated by v27 inverse design as separate catalogue endpoints unless the plotted performance curve proves simultaneity.
Longwell,AC Forward Curved,LWFA6E250-102NS-04,Forward curved / Sirocco,SWSI / single inlet,AC,250.0,,,,1751.0,165.0,,900.0,320.0,,,62.0,220.0,50,1.6,Galvanised sheet steel,IP54,F,,-30 to +60 C,,,,,AC Forward Centrifugal Fan longwell.pdf,11,Technical table parsed - review,Longwell technical-table fields parsed by named column positions. Air Flow and Air Pressure are treated by v27 inverse design as separate catalogue endpoints unless the plotted performance curve proves simultaneity.
Longwell,AC Forward Curved,LWFA6E280-138NS-04,Forward curved / Sirocco,SWSI / single inlet,AC,280.0,,,,2318.0,247.0,,900.0,450.0,,,65.0,220.0,50,2.5,Galvanised sheet steel,IP54,F,,-30 to +60 C,,,,,AC Forward Centrifugal Fan longwell.pdf,11,Technical table parsed - review,Longwell technical-table fields parsed by named column positions. Air Flow and Air Pressure are treated by v27 inverse design as separate catalogue endpoints unless the plotted performance curve proves simultaneity.
Longwell,AC Forward Curved,LWFA4D315-188NT-01,Forward curved / Sirocco,SWSI / single inlet,AC,315.0,,,,4326.0,577.0,,1360.0,2200.0,,,80.0,380.0,50,4.0,Galvanised sheet steel,IP54,F,,-30 to +60 C,,,,,AC Forward Centrifugal Fan longwell.pdf,12,Technical table parsed - review,Longwell technical-table fields parsed by named column positions. Air Flow and Air Pressure are treated by v27 inverse design as separate catalogue endpoints unless the plotted performance curve proves simultaneity.
Longwell,AC Forward Curved,LWFA4D355-188NT-01,Forward curved / Sirocco,SWSI / single inlet,AC,355.0,,,,5665.0,906.0,,1340.0,3500.0,,,80.0,380.0,50,5.9,Galvanised sheet steel,IP54,F,,-30 to +60 C,,,,,AC Forward Centrifugal Fan longwell.pdf,12,Technical table parsed - review,Longwell technical-table fields parsed by named column positions. Air Flow and Air Pressure are treated by v27 inverse design as separate catalogue endpoints unless the plotted performance curve proves simultaneity.
Longwell,AC Forward Curved,LWFA4E315-188NS-02,Forward curved / Sirocco,SWSI / single inlet,AC,315.0,,,,4429.0,618.0,,1360.0,2300.0,,,80.0,220.0,50,7.3,Galvanised sheet steel,IP54,F,,-30 to +60 C,,,,,AC Forward Centrifugal Fan longwell.pdf,12,Technical table parsed - review,Longwell technical-table fields parsed by named column positions. Air Flow and Air Pressure are treated by v27 inverse design as separate catalogue endpoints unless the plotted performance curve proves simultaneity.
Longwell,AC Forward Curved,LWFA6D355-188NT-02,Forward curved / Sirocco,SWSI / single inlet,AC,355.0,,,,4172.0,412.0,,900.0,1150.0,,,70.0,380.0,50,2.3,Galvanised sheet steel,IP54,F,,-30 to +60 C,,,,,AC Forward Centrifugal Fan longwell.pdf,12,Technical table parsed - review,Longwell technical-table fields parsed by named column positions. Air Flow and Air Pressure are treated by v27 inverse design as separate catalogue endpoints unless the plotted performance curve proves simultaneity.
Longwell,AC Forward Curved,LWFA6D315-138NT-03,Forward curved / Sirocco,SWSI / single inlet,AC,315.0,,,,2987.0,249.0,,940.0,780.0,,,68.0,380.0,50,1.5,Galvanised sheet steel,IP54,F,,-30 to +60 C,,,,,AC Forward Centrifugal Fan longwell.pdf,12,Technical table parsed - review,Longwell technical-table fields parsed by named column positions. Air Flow and Air Pressure are treated by v27 inverse design as separate catalogue endpoints unless the plotted performance curve proves simultaneity.
Longwell,AC Forward Curved,LWFA6E315-138NS-04,Forward curved / Sirocco,SWSI / single inlet,AC,315.0,,,,3605.0,249.0,,870.0,720.0,,,68.0,220.0,50,3.6,Galvanised sheet steel,IP54,F,,-30 to +60 C,,,,,AC Forward Centrifugal Fan longwell.pdf,12,Technical table parsed - review,Longwell technical-table fields parsed by named column positions. Air Flow and Air Pressure are treated by v27 inverse design as separate catalogue endpoints unless the plotted performance curve proves simultaneity.
Longwell,AC Forward Curved,LWFA4D400-188NT-01,Forward curved / Sirocco,SWSI / single inlet,AC,400.0,,,,6695.0,1030.0,,1400.0,4800.0,,,82.0,380.0,50,8.0,Galvanised sheet steel,IP54,F,,-30 to +60 C,,,,,AC Forward Centrifugal Fan longwell.pdf,13,Technical table parsed - review,Longwell technical-table fields parsed by named column positions. Air Flow and Air Pressure are treated by v27 inverse design as separate catalogue endpoints unless the plotted performance curve proves simultaneity.
Longwell,AC Forward Curved,LWFA6D450-188NT-01,Forward curved / Sirocco,SWSI / single inlet,AC,450.0,,,,7725.0,639.0,,930.0,3500.0,,,74.0,380.0,50,5.9,Galvanised sheet steel,IP54,F,,-30 to +60 C,,,,,AC Forward Centrifugal Fan longwell.pdf,13,Technical table parsed - review,Longwell technical-table fields parsed by named column positions. Air Flow and Air Pressure are treated by v27 inverse design as separate catalogue endpoints unless the plotted performance curve proves simultaneity.
Longwell,AC Forward Curved,LWFA6D400-188NT-02,Forward curved / Sirocco,SWSI / single inlet,AC,400.0,,,,7313.0,541.0,,870.0,2800.0,,,74.0,380.0,50,4.8,Galvanised sheet steel,IP54,F,,-30 to +60 C,,,,,AC Forward Centrifugal Fan longwell.pdf,13,Technical table parsed - review,Longwell technical-table fields parsed by named column positions. Air Flow and Air Pressure are treated by v27 inverse design as separate catalogue endpoints unless the plotted performance curve proves simultaneity.
Longwell,AC Forward Curved,LWFA8D450-188NT-02,Forward curved / Sirocco,SWSI / single inlet,AC,450.0,,,,7416.0,371.0,,680.0,2000.0,,,68.0,380.0,50,4.1,Galvanised sheet steel,IP54,F,,-30 to +60 C,,,,,AC Forward Centrifugal Fan longwell.pdf,13,Technical table parsed - review,Longwell technical-table fields parsed by named column positions. Air Flow and Air Pressure are treated by v27 inverse design as separate catalogue endpoints unless the plotted performance curve proves simultaneity.
Longwell,AC Forward Curved,LWFA8D400-188NT-03,Forward curved / Sirocco,SWSI / single inlet,AC,400.0,,,,5974.0,345.0,,700.0,1700.0,,,65.0,380.0,50,3.7,Galvanised sheet steel,IP54,F,,-30 to +60 C,,,,,AC Forward Centrifugal Fan longwell.pdf,13,Technical table parsed - review,Longwell technical-table fields parsed by named column positions. Air Flow and Air Pressure are treated by v27 inverse design as separate catalogue endpoints unless the plotted performance curve proves simultaneity.
Longwell,AC Forward Curved,LWFA6D500-188NT-01,Forward curved / Sirocco,SWSI / single inlet,AC,500.0,,,,9064.0,917.0,,900.0,4400.0,,,75.0,380.0,50,7.6,Galvanised sheet steel,IP54,F,,-30 to +60 C,,,,,AC Forward Centrifugal Fan longwell.pdf,14,Technical table parsed - review,Longwell technical-table fields parsed by named column positions. Air Flow and Air Pressure are treated by v27 inverse design as separate catalogue endpoints unless the plotted performance curve proves simultaneity.
Longwell,EC Dual Inlet Forward,LWFE3G120-072DS-01,Forward curved / Sirocco,DWDI / dual inlet,EC,120.0,,,,433.0,263.0,,1900.0,70.0,,,59.0,230.0,50/60,0.55,Metal,IP54,F,EC / catalogue-specific,-30 to +60 C,,,,,EC Dual Inlet Forward Centrifugal Blower longwell.pdf,6,Technical table parsed - review,Longwell EC dual-inlet technical-table fields parsed by named column positions. Air Flow and Air Pressure default to endpoint interpretation in v27.
Longwell,EC Dual Inlet Forward,LWFE3G133-072DS-01,Forward curved / Sirocco,DWDI / dual inlet,EC,133.0,,,,773.0,288.0,,1750.0,105.0,,,69.0,230.0,50/60,0.8,Metal,IP54,F,EC / catalogue-specific,-30 to +60 C,,,,,EC Dual Inlet Forward Centrifugal Blower longwell.pdf,6,Technical table parsed - review,Longwell EC dual-inlet technical-table fields parsed by named column positions. Air Flow and Air Pressure default to endpoint interpretation in v27.
Longwell,EC Dual Inlet Forward,LWFE3G133-072DS-02,Forward curved / Sirocco,DWDI / dual inlet,EC,133.0,,,,979.0,484.0,,1450.0,120.0,,,70.0,230.0,50/60,0.95,Metal,IP54,F,EC / catalogue-specific,-30 to +60 C,,,,,EC Dual Inlet Forward Centrifugal Blower longwell.pdf,7,Technical table parsed - review,Longwell EC dual-inlet technical-table fields parsed by named column positions. Air Flow and Air Pressure default to endpoint interpretation in v27.
Longwell,EC Dual Inlet Forward,LWFE3G133-092DS-03,Forward curved / Sirocco,DWDI / dual inlet,EC,133.0,,,,690.0,330.0,,1550.0,80.0,,,69.0,230.0,50/60,0.6,Metal,IP54,F,EC / catalogue-specific,-30 to +60 C,,,,,EC Dual Inlet Forward Centrifugal Blower longwell.pdf,7,Technical table parsed - review,Longwell EC dual-inlet technical-table fields parsed by named column positions. Air Flow and Air Pressure default to endpoint interpretation in v27.
Longwell,EC Dual Inlet Forward,LWFE3G146-072DS-01,Forward curved / Sirocco,DWDI / dual inlet,EC,146.0,,,,989.0,474.0,,1350.0,120.0,,,72.0,230.0,50/60,0.95,Metal,IP54,F,EC / catalogue-specific,-30 to +60 C,,,,,EC Dual Inlet Forward Centrifugal Blower longwell.pdf,8,Technical table parsed - review,Longwell EC dual-inlet technical-table fields parsed by named column positions. Air Flow and Air Pressure default to endpoint interpretation in v27.
Longwell,EC Dual Inlet Forward,LWFE3G146-092DS-02,Forward curved / Sirocco,DWDI / dual inlet,EC,146.0,,,,855.0,536.0,,1300.0,80.0,,,59.0,230.0,50/60,0.6,Metal,IP54,F,EC / catalogue-specific,-30 to +60 C,,,,,EC Dual Inlet Forward Centrifugal Blower longwell.pdf,8,Technical table parsed - review,Longwell EC dual-inlet technical-table fields parsed by named column positions. Air Flow and Air Pressure default to endpoint interpretation in v27.
Longwell,EC Dual Inlet Forward,LWFE3G146-092DS-03,Forward curved / Sirocco,DWDI / dual inlet,EC,146.0,,,,1009.0,670.0,,1450.0,115.0,,,61.0,230.0,50/60,0.8,Metal,IP54,F,EC / catalogue-specific,-30 to +60 C,,,,,EC Dual Inlet Forward Centrifugal Blower longwell.pdf,9,Technical table parsed - review,Longwell EC dual-inlet technical-table fields parsed by named column positions. Air Flow and Air Pressure default to endpoint interpretation in v27.
Longwell,EC Dual Inlet Forward,LWFE3G180-102DS-01,Forward curved / Sirocco,DWDI / dual inlet,EC,180.0,,,,2060.0,742.0,,1550.0,400.0,,,74.0,230.0,50/60,1.9,Metal,IP54,F,EC / catalogue-specific,-30 to +60 C,,,,,EC Dual Inlet Forward Centrifugal Blower longwell.pdf,9,Technical table parsed - review,Longwell EC dual-inlet technical-table fields parsed by named column positions. Air Flow and Air Pressure default to endpoint interpretation in v27.
Longwell,EC Dual Inlet Forward,LWFE3G180-092DS-02,Forward curved / Sirocco,DWDI / dual inlet,EC,180.0,,,,1730.0,247.0,,1090.0,165.0,,,63.0,230.0,50/60,1.22,Metal,IP54,F,EC / catalogue-specific,-30 to +60 C,,,,,EC Dual Inlet Forward Centrifugal Blower longwell.pdf,10,Technical table parsed - review,Longwell EC dual-inlet technical-table fields parsed by named column positions. Air Flow and Air Pressure default to endpoint interpretation in v27.
Longwell,EC Dual Inlet Forward,LWFE3G200-102DS-01,Forward curved / Sirocco,DWDI / dual inlet,EC,200.0,,,,2060.0,1030.0,,1150.0,300.0,,,64.0,230.0,50/60,1.36,Metal,IP54,F,EC / catalogue-specific,-30 to +60 C,,,,,EC Dual Inlet Forward Centrifugal Blower longwell.pdf,10,Technical table parsed - review,Longwell EC dual-inlet technical-table fields parsed by named column positions. Air Flow and Air Pressure default to endpoint interpretation in v27.
Longwell,EC Dual Inlet Forward,LWFE3G200-102DS-02,Forward curved / Sirocco,DWDI / dual inlet,EC,200.0,,,,2575.0,464.0,,1300.0,390.0,,,66.0,230.0,50/60,1.55,Metal,IP54,F,EC / catalogue-specific,-30 to +60 C,,,,,EC Dual Inlet Forward Centrifugal Blower longwell.pdf,11,Technical table parsed - review,Longwell EC dual-inlet technical-table fields parsed by named column positions. Air Flow and Air Pressure default to endpoint interpretation in v27.
Longwell,EC Dual Inlet Forward,LWFE3G225-138DS-01,Forward curved / Sirocco,DWDI / dual inlet,EC,225.0,,,,3605.0,577.0,,1450.0,1050.0,,,78.0,380.0,50/60,1.8,Metal,IP54,F,EC / catalogue-specific,-30 to +60 C,,,,,EC Dual Inlet Forward Centrifugal Blower longwell.pdf,11,Technical table parsed - review,Longwell EC dual-inlet technical-table fields parsed by named column positions. Air Flow and Air Pressure default to endpoint interpretation in v27.
Longwell,EC Dual Inlet Forward,LWFE3G225-102DS-02,Forward curved / Sirocco,DWDI / dual inlet,EC,225.0,,,,3039.0,484.0,,1300.0,450.0,,,68.0,230.0,50/60,1.75,Metal,IP54,F,EC / catalogue-specific,-30 to +60 C,,,,,EC Dual Inlet Forward Centrifugal Blower longwell.pdf,12,Technical table parsed - review,Longwell EC dual-inlet technical-table fields parsed by named column positions. Air Flow and Air Pressure default to endpoint interpretation in v27.
Longwell,EC Dual Inlet Forward,LWFE3G225-138DS-03,Forward curved / Sirocco,DWDI / dual inlet,EC,225.0,,,,3502.0,371.0,,1250.0,750.0,,,77.0,230.0,50/60,3.5,Metal,IP54,F,EC / catalogue-specific,-30 to +60 C,,,,,EC Dual Inlet Forward Centrifugal Blower longwell.pdf,12,Technical table parsed - review,Longwell EC dual-inlet technical-table fields parsed by named column positions. Air Flow and Air Pressure default to endpoint interpretation in v27.
Longwell,EC Dual Inlet Forward,LWFE3G250-138DS-01,Forward curved / Sirocco,DWDI / dual inlet,EC,250.0,,,,3811.0,742.0,,920.0,655.0,,,74.0,380.0,50/60,1.2,Metal,IP54,F,EC / catalogue-specific,-30 to +60 C,,,,,EC Dual Inlet Forward Centrifugal Blower longwell.pdf,13,Technical table parsed - review,Longwell EC dual-inlet technical-table fields parsed by named column positions. Air Flow and Air Pressure default to endpoint interpretation in v27.
Longwell,EC Dual Inlet Forward,LWFE3G250-138DS-02,Forward curved / Sirocco,DWDI / dual inlet,EC,250.0,,,,4058.0,479.0,,960.0,750.0,,,75.0,230.0,50/60,3.5,Metal,IP54,F,EC / catalogue-specific,-30 to +60 C,,,,,EC Dual Inlet Forward Centrifugal Blower longwell.pdf,13,Technical table parsed - review,Longwell EC dual-inlet technical-table fields parsed by named column positions. Air Flow and Air Pressure default to endpoint interpretation in v27.
Longwell,EC Dual Inlet Forward,LWFE3G280-138DS-01,Forward curved / Sirocco,DWDI / dual inlet,EC,280.0,,,,4223.0,917.0,,800.0,600.0,,,72.0,380.0,50/60,1.1,Metal,IP54,F,EC / catalogue-specific,-30 to +60 C,,,,,EC Dual Inlet Forward Centrifugal Blower longwell.pdf,14,Technical table parsed - review,Longwell EC dual-inlet technical-table fields parsed by named column positions. Air Flow and Air Pressure default to endpoint interpretation in v27.
Longwell,EC Dual Inlet Forward,LWFE3G280-138DS-02,Forward curved / Sirocco,DWDI / dual inlet,EC,280.0,,,,4422.0,592.0,,820.0,750.0,,,74.0,230.0,50/60,3.5,Metal,IP54,F,EC / catalogue-specific,-30 to +60 C,,,,,EC Dual Inlet Forward Centrifugal Blower longwell.pdf,14,Technical table parsed - review,Longwell EC dual-inlet technical-table fields parsed by named column positions. Air Flow and Air Pressure default to endpoint interpretation in v27.
Longwell,EC Dual Inlet Forward,LWFE3G315-188DS-01,Forward curved / Sirocco,DWDI / dual inlet,EC,315.0,,,,8732.0,783.0,,1070.0,2400.0,,,81.0,380.0,50/60,4.0,Metal,IP54,F,EC / catalogue-specific,-30 to +60 C,,,,,EC Dual Inlet Forward Centrifugal Blower longwell.pdf,15,Technical table parsed - review,Longwell EC dual-inlet technical-table fields parsed by named column positions. Air Flow and Air Pressure default to endpoint interpretation in v27.
Longwell,EC Dual Inlet Forward,LWFE3G355-188DS-01,Forward curved / Sirocco,DWDI / dual inlet,EC,355.0,,,,8799.0,1102.0,,760.0,1700.0,,,81.0,380.0,50/60,3.0,Metal,IP54,F,EC / catalogue-specific,-30 to +60 C,,,,,EC Dual Inlet Forward Centrifugal Blower longwell.pdf,15,Technical table parsed - review,Longwell EC dual-inlet technical-table fields parsed by named column positions. Air Flow and Air Pressure default to endpoint interpretation in v27.
Longwell,EC Dual Inlet Forward,LWFE3G146-072DS-04,Forward curved / Sirocco,DWDI / dual inlet,EC,146.0,,,,752.0,567.0,,2400.0,115.0,,,66.0,230.0,50/60,0.85,Metal,IP54,F,EC / catalogue-specific,-30 to +60 C,,,,,EC Dual Inlet Forward Centrifugal Blower longwell.pdf,16,Technical table parsed - review,Longwell EC dual-inlet technical-table fields parsed by named column positions. Air Flow and Air Pressure default to endpoint interpretation in v27.
Longwell,EC Dual Inlet Forward,LWFE3G146-092DS-05,Forward curved / Sirocco,DWDI / dual inlet,EC,146.0,,,,1133.0,876.0,,3200.0,220.0,,,74.0,230.0,50/60,1.6,Metal,IP54,F,EC / catalogue-specific,-30 to +60 C,,,,,EC Dual Inlet Forward Centrifugal Blower longwell.pdf,16,Technical table parsed - review,Longwell EC dual-inlet technical-table fields parsed by named column positions. Air Flow and Air Pressure default to endpoint interpretation in v27.
Longwell,EC Backward Curved,LWBE3G133-072NS-06,Backward curved / plug fan,Plenum / unhoused,EC,133.0,,,,473.0,609.0,,5220.0,72.0,,,,230.0,50/60,,PA66 / metal depending series,IP54,F,0-10 VDC / PWM where stated,-25 to +60 C,,,,,EC Backward centrifugal fans longwell__Part_01_p001-020__Sub_01_p001-010.pdf,7,Technical table parsed - review,Longwell backward-curved technical-table fields parsed by named column positions. Air Volume and Static Pressure are retained as catalogue summary values and the source page must be visually checked before engineering release.
Longwell,EC Backward Curved,LWBE3G155-072NS-02,Backward curved / plug fan,Plenum / unhoused,EC,155.0,,,,433.0,371.0,,3570.0,40.0,,,63.0,230.0,50/60,0.3,PA66 / metal depending series,IP54,F,0-10 VDC / PWM where stated,-25 to +60 C,,,,,EC Backward centrifugal fans longwell__Part_01_p001-020__Sub_01_p001-010.pdf,7,Technical table parsed - review,Longwell backward-curved technical-table fields parsed by named column positions. Air Volume and Static Pressure are retained as catalogue summary values and the source page must be visually checked before engineering release.
Longwell,EC Backward Curved,LWBE3G175-072NS-10,Backward curved / plug fan,Plenum / unhoused,EC,175.0,,,,924.0,893.0,,5020.0,132.0,,,,230.0,50/60,0.6,PA66 / metal depending series,IP54,F,0-10 VDC / PWM where stated,-25 to +60 C,,,,,EC Backward centrifugal fans longwell__Part_01_p001-020__Sub_01_p001-010.pdf,8,Technical table parsed - review,Longwell backward-curved technical-table fields parsed by named column positions. Air Volume and Static Pressure are retained as catalogue summary values and the source page must be visually checked before engineering release.
Longwell,EC Backward Curved,LWBE3G190-072NS-16,Backward curved / plug fan,Plenum / unhoused,EC,190.0,,,,851.0,798.0,,4230.0,104.0,,,70.0,230.0,50/60,1.16,PA66 / metal depending series,IP54,F,0-10 VDC / PWM where stated,-25 to +60 C,,,,,EC Backward centrifugal fans longwell__Part_01_p001-020__Sub_01_p001-010.pdf,8,Technical table parsed - review,Longwell backward-curved technical-table fields parsed by named column positions. Air Volume and Static Pressure are retained as catalogue summary values and the source page must be visually checked before engineering release.
Longwell,EC Backward Curved,LWBE3G220-072NS-11,Backward curved / plug fan,Plenum / unhoused,EC,220.0,,,,886.0,433.0,,2600.0,75.0,,,71.0,230.0,50/60,0.6,PA66 / metal depending series,IP54,F,0-10 VDC / PWM where stated,-25 to +60 C,,,,,EC Backward centrifugal fans longwell__Part_01_p001-020__Sub_01_p001-010.pdf,9,Technical table parsed - review,Longwell backward-curved technical-table fields parsed by named column positions. Air Volume and Static Pressure are retained as catalogue summary values and the source page must be visually checked before engineering release.
Longwell,EC Backward Curved,LWBE3G220-092NS-10,Backward curved / plug fan,Plenum / unhoused,EC,220.0,,,,989.0,711.0,,3310.0,145.0,,,75.0,230.0,50/60,1.0,PA66 / metal depending series,IP54,F,0-10 VDC / PWM where stated,-25 to +60 C,,,,,EC Backward centrifugal fans longwell__Part_01_p001-020__Sub_01_p001-010.pdf,9,Technical table parsed - review,Longwell backward-curved technical-table fields parsed by named column positions. Air Volume and Static Pressure are retained as catalogue summary values and the source page must be visually checked before engineering release.
Longwell,EC Backward Curved,LWBE3G225-072NS-10,Backward curved / plug fan,Plenum / unhoused,EC,225.0,,,,1112.0,433.0,,2500.0,80.0,,,69.0,230.0,50/60,0.6,PA66 / metal depending series,IP54,F,0-10 VDC / PWM where stated,-25 to +60 C,,,,,EC Backward centrifugal fans longwell__Part_01_p001-020__Sub_01_p001-010.pdf,10,Technical table parsed - review,Longwell backward-curved technical-table fields parsed by named column positions. Air Volume and Static Pressure are retained as catalogue summary values and the source page must be visually checked before engineering release.
Longwell,EC Backward Curved,LWBE3G225-092NS-11,Backward curved / plug fan,Plenum / unhoused,EC,225.0,,,,1528.0,683.0,,3060.0,170.0,,,71.1,230.0,50/60,1.4,PA66 / metal depending series,IP54,F,0-10 VDC / PWM where stated,-25 to +60 C,,,,,EC Backward centrifugal fans longwell__Part_01_p001-020__Sub_01_p001-010.pdf,10,Technical table parsed - review,Longwell backward-curved technical-table fields parsed by named column positions. Air Volume and Static Pressure are retained as catalogue summary values and the source page must be visually checked before engineering release.
Longwell,EC Backward Curved,LWBE3G225-092NS-12,Backward curved / plug fan,Plenum / unhoused,EC,225.0,,,,1545.0,731.0,,3000.0,160.0,,,71.0,230.0,50/60,1.1,PA66 / metal depending series,IP54,F,0-10 VDC / PWM where stated,-25 to +60 C,,,,,EC Backward centrifugal fans longwell__Part_01_p001-020__Sub_02_p011-020.pdf,1,Technical table parsed - review,Longwell backward-curved technical-table fields parsed by named column positions. Air Volume and Static Pressure are retained as catalogue summary values and the source page must be visually checked before engineering release.
Longwell,EC Backward Curved,LWBE3G225-092NS-13,Backward curved / plug fan,Plenum / unhoused,EC,225.0,,,,1630.0,839.0,,3500.0,315.0,,,71.0,230.0,50/60,1.87,PA66 / metal depending series,IP54,F,0-10 VDC / PWM where stated,-25 to +60 C,,,,,EC Backward centrifugal fans longwell__Part_01_p001-020__Sub_02_p011-020.pdf,1,Technical table parsed - review,Longwell backward-curved technical-table fields parsed by named column positions. Air Volume and Static Pressure are retained as catalogue summary values and the source page must be visually checked before engineering release.
Longwell,EC Backward Curved,LWBE3G250-072NS-29,Backward curved / plug fan,Plenum / unhoused,EC,250.0,,,,1215.0,391.0,,2150.0,90.0,,,68.0,230.0,50/60,0.8,PA66 / metal depending series,IP54,F,0-10 VDC / PWM where stated,-25 to +60 C,,,,,EC Backward centrifugal fans longwell__Part_01_p001-020__Sub_02_p011-020.pdf,2,Technical table parsed - review,Longwell backward-curved technical-table fields parsed by named column positions. Air Volume and Static Pressure are retained as catalogue summary values and the source page must be visually checked before engineering release.
Longwell,EC Backward Curved,LWBE3G250-092NS-12,Backward curved / plug fan,Plenum / unhoused,EC,250.0,,,,1531.0,785.0,,3010.0,140.0,,,72.1,230.0,50/60,0.6,PA66 / metal depending series,IP54,F,0-10 VDC / PWM where stated,-25 to +60 C,,,,,EC Backward centrifugal fans longwell__Part_01_p001-020__Sub_02_p011-020.pdf,2,Technical table parsed - review,Longwell backward-curved technical-table fields parsed by named column positions. Air Volume and Static Pressure are retained as catalogue summary values and the source page must be visually checked before engineering release.
Longwell,EC Backward Curved,LWBE3G250-072NS-21,Backward curved / plug fan,Plenum / unhoused,EC,250.0,,,,1421.0,639.0,,2760.0,140.0,,,77.0,230.0,50/60,1.1,PA66 / metal depending series,IP54,F,0-10 VDC / PWM where stated,-25 to +60 C,,,,,EC Backward centrifugal fans longwell__Part_01_p001-020__Sub_02_p011-020.pdf,3,Technical table parsed - review,Longwell backward-curved technical-table fields parsed by named column positions. Air Volume and Static Pressure are retained as catalogue summary values and the source page must be visually checked before engineering release.
Longwell,EC Backward Curved,LWBE3G250-092NS-22,Backward curved / plug fan,Plenum / unhoused,EC,250.0,,,,1730.0,525.0,,2500.0,145.0,,,74.0,230.0,50/60,1.0,PA66 / metal depending series,IP54,F,0-10 VDC / PWM where stated,-25 to +60 C,,,,,EC Backward centrifugal fans longwell__Part_01_p001-020__Sub_02_p011-020.pdf,3,Technical table parsed - review,Longwell backward-curved technical-table fields parsed by named column positions. Air Volume and Static Pressure are retained as catalogue summary values and the source page must be visually checked before engineering release.
Longwell,EC Backward Curved,LWBE3G250-072NU-20,Backward curved / plug fan,Plenum / unhoused,EC,250.0,,,,1331.0,649.0,,2760.0,160.0,,,68.0,115.0,50/60,2.28,PA66 / metal depending series,IP54,F,0-10 VDC / PWM where stated,-25 to +60 C,,,,,EC Backward centrifugal fans longwell__Part_01_p001-020__Sub_02_p011-020.pdf,4,Technical table parsed - review,Longwell backward-curved technical-table fields parsed by named column positions. Air Volume and Static Pressure are retained as catalogue summary values and the source page must be visually checked before engineering release.
Longwell,EC Backward Curved,LWBE3G250-092NS-23,Backward curved / plug fan,Plenum / unhoused,EC,250.0,,,,1421.0,556.0,,2600.0,170.0,,,69.0,230.0,50/60,1.1,PA66 / metal depending series,IP54,F,0-10 VDC / PWM where stated,-25 to +60 C,,,,,EC Backward centrifugal fans longwell__Part_01_p001-020__Sub_02_p011-020.pdf,4,Technical table parsed - review,Longwell backward-curved technical-table fields parsed by named column positions. Air Volume and Static Pressure are retained as catalogue summary values and the source page must be visually checked before engineering release.
Longwell,EC Backward Curved,LWBE3G250-102NS-24,Backward curved / plug fan,Plenum / unhoused,EC,250.0,,,,1524.0,773.0,,3150.0,240.0,,,78.0,230.0,50/60,1.6,PA66 / metal depending series,IP54,F,0-10 VDC / PWM where stated,-25 to +60 C,,,,,EC Backward centrifugal fans longwell__Part_01_p001-020__Sub_02_p011-020.pdf,5,Technical table parsed - review,Longwell backward-curved technical-table fields parsed by named column positions. Air Volume and Static Pressure are retained as catalogue summary values and the source page must be visually checked before engineering release.
Longwell,EC Backward Curved,LWBE3G250-102NS-25,Backward curved / plug fan,Plenum / unhoused,EC,250.0,,,,1751.0,824.0,,3170.0,270.0,,,84.0,230.0,50/60,1.2,PA66 / metal depending series,IP54,F,0-10 VDC / PWM where stated,-25 to +60 C,,,,,EC Backward centrifugal fans longwell__Part_01_p001-020__Sub_02_p011-020.pdf,5,Technical table parsed - review,Longwell backward-curved technical-table fields parsed by named column positions. Air Volume and Static Pressure are retained as catalogue summary values and the source page must be visually checked before engineering release.
Longwell,EC Backward Curved,LWBE3G250-102NS-26,Backward curved / plug fan,Plenum / unhoused,EC,250.0,,,,1700.0,1082.0,,3500.0,370.0,,,82.0,230.0,50/60,2.6,PA66 / metal depending series,IP54,F,0-10 VDC / PWM where stated,-25 to +60 C,,,,,EC Backward centrifugal fans longwell__Part_01_p001-020__Sub_02_p011-020.pdf,6,Technical table parsed - review,Longwell backward-curved technical-table fields parsed by named column positions. Air Volume and Static Pressure are retained as catalogue summary values and the source page must be visually checked before engineering release.
Longwell,EC Backward Curved,LWBE3G270-092NS-02,Backward curved / plug fan,Plenum / unhoused,EC,270.0,,,,1545.0,332.0,,1900.0,150.0,,,68.0,230.0,50/60,1.3,PA66 / metal depending series,IP54,F,0-10 VDC / PWM where stated,-25 to +60 C,,,,,EC Backward centrifugal fans longwell__Part_01_p001-020__Sub_02_p011-020.pdf,6,Technical table parsed - review,Longwell backward-curved technical-table fields parsed by named column positions. Air Volume and Static Pressure are retained as catalogue summary values and the source page must be visually checked before engineering release.
Longwell,EC Backward Curved,LWBE3G270-092NU-01,Backward curved / plug fan,Plenum / unhoused,EC,270.0,,,,1545.0,332.0,,1900.0,170.0,,,68.0,115.0,50/60,2.3,PA66 / metal depending series,IP54,F,0-10 VDC / PWM where stated,-25 to +60 C,,,,,EC Backward centrifugal fans longwell__Part_01_p001-020__Sub_02_p011-020.pdf,7,Technical table parsed - review,Longwell backward-curved technical-table fields parsed by named column positions. Air Volume and Static Pressure are retained as catalogue summary values and the source page must be visually checked before engineering release.
Longwell,EC Backward Curved,LWBE3G280-092NS-12,Backward curved / plug fan,Plenum / unhoused,EC,280.0,,,,1813.0,680.0,,2600.0,165.0,,,74.0,230.0,50/60,1.25,PA66 / metal depending series,IP54,F,0-10 VDC / PWM where stated,-25 to +60 C,,,,,EC Backward centrifugal fans longwell__Part_01_p001-020__Sub_02_p011-020.pdf,7,Technical table parsed - review,Longwell backward-curved technical-table fields parsed by named column positions. Air Volume and Static Pressure are retained as catalogue summary values and the source page must be visually checked before engineering release.
Longwell,EC Backward Curved,LWBE3G280-092NS-17,Backward curved / plug fan,Plenum / unhoused,EC,280.0,,,,2019.0,546.0,,2200.0,180.0,,,72.0,230.0,50/60,1.35,PA66 / metal depending series,IP54,F,0-10 VDC / PWM where stated,-25 to +60 C,,,,,EC Backward centrifugal fans longwell__Part_01_p001-020__Sub_02_p011-020.pdf,8,Technical table parsed - review,Longwell backward-curved technical-table fields parsed by named column positions. Air Volume and Static Pressure are retained as catalogue summary values and the source page must be visually checked before engineering release.
Longwell,EC Backward Curved,LWBE3G280-138NT-03,Backward curved / plug fan,Plenum / unhoused,EC,280.0,,,,3028.0,886.0,,3000.0,860.0,,,85.0,400.0,50/60,1.22,PA66 / metal depending series,IP54,F,0-10 VDC / PWM where stated,-25 to +60 C,,,,,EC Backward centrifugal fans longwell__Part_01_p001-020__Sub_02_p011-020.pdf,8,Technical table parsed - review,Longwell backward-curved technical-table fields parsed by named column positions. Air Volume and Static Pressure are retained as catalogue summary values and the source page must be visually checked before engineering release.
Longwell,EC Backward Curved,LWBE3G280-092NS-13,Backward curved / plug fan,Plenum / unhoused,EC,280.0,,,,1743.0,481.0,,2200.0,105.0,,,,230.0,50/60,0.86,PA66 / metal depending series,IP54,F,0-10 VDC / PWM where stated,-25 to +60 C,,,,,EC Backward centrifugal fans longwell__Part_01_p001-020__Sub_02_p011-020.pdf,9,Technical table parsed - review,Longwell backward-curved technical-table fields parsed by named column positions. Air Volume and Static Pressure are retained as catalogue summary values and the source page must be visually checked before engineering release.
Longwell,EC Backward Curved,LWBE3G280-102NS-14,Backward curved / plug fan,Plenum / unhoused,EC,280.0,,,,2318.0,824.0,,2760.0,340.0,,,78.0,230.0,50/60,2.3,PA66 / metal depending series,IP54,F,0-10 VDC / PWM where stated,-25 to +60 C,,,,,EC Backward centrifugal fans longwell__Part_01_p001-020__Sub_02_p011-020.pdf,9,Technical table parsed - review,Longwell backward-curved technical-table fields parsed by named column positions. Air Volume and Static Pressure are retained as catalogue summary values and the source page must be visually checked before engineering release.
Longwell,EC Backward Curved,LWBE3G280-102NS-15,Backward curved / plug fan,Plenum / unhoused,EC,280.0,,,,2472.0,1051.0,,3100.0,475.0,,,82.0,230.0,50/60,3.1,PA66 / metal depending series,IP54,F,0-10 VDC / PWM where stated,-25 to +60 C,,,,,EC Backward centrifugal fans longwell__Part_01_p001-020__Sub_02_p011-020.pdf,10,Technical table parsed - review,Longwell backward-curved technical-table fields parsed by named column positions. Air Volume and Static Pressure are retained as catalogue summary values and the source page must be visually checked before engineering release.
Longwell,EC Backward Curved,LWBE3G280-102NS-19,Backward curved / plug fan,Plenum / unhoused,EC,280.0,,,,3039.0,1102.0,,3000.0,625.0,,,82.0,230.0,50/60,4.0,PA66 / metal depending series,IP54,F,0-10 VDC / PWM where stated,-25 to +60 C,,,,,EC Backward centrifugal fans longwell__Part_01_p001-020__Sub_02_p011-020.pdf,10,Technical table parsed - review,Longwell backward-curved technical-table fields parsed by named column positions. Air Volume and Static Pressure are retained as catalogue summary values and the source page must be visually checked before engineering release.
Longwell,EC Backward Curved,LWBE3G280-138NT-18,Backward curved / plug fan,Plenum / unhoused,EC,280.0,,,,3790.0,1421.0,,3500.0,1355.0,,,89.0,400.0,50/60,1.9,PA66 / metal depending series,IP54,F,0-10 VDC / PWM where stated,-25 to +60 C,,,,,EC Backward centrifugal fans longwell__Part_02_p021-040__Sub_01_p021-030.pdf,1,Technical table parsed - review,Longwell backward-curved technical-table fields parsed by named column positions. Air Volume and Static Pressure are retained as catalogue summary values and the source page must be visually checked before engineering release.
Longwell,EC Backward Curved,LWBE3G310-092NS-20,Backward curved / plug fan,Plenum / unhoused,EC,310.0,,,,2235.0,474.0,,1850.0,160.0,,,75.0,230.0,50/60,1.25,PA66 / metal depending series,IP54,F,0-10 VDC / PWM where stated,-25 to +60 C,,,,,EC Backward centrifugal fans longwell__Part_02_p021-040__Sub_01_p021-030.pdf,1,Technical table parsed - review,Longwell backward-curved technical-table fields parsed by named column positions. Air Volume and Static Pressure are retained as catalogue summary values and the source page must be visually checked before engineering release.
Longwell,EC Backward Curved,LWBE3G310-092NS-17,Backward curved / plug fan,Plenum / unhoused,EC,310.0,,,,2410.0,443.0,,1750.0,150.0,,,75.0,230.0,50/60,1.2,PA66 / metal depending series,IP54,F,0-10 VDC / PWM where stated,-25 to +60 C,,,,,EC Backward centrifugal fans longwell__Part_02_p021-040__Sub_01_p021-030.pdf,2,Technical table parsed - review,Longwell backward-curved technical-table fields parsed by named column positions. Air Volume and Static Pressure are retained as catalogue summary values and the source page must be visually checked before engineering release.
Longwell,EC Backward Curved,LWBE3G310-102NS-16,Backward curved / plug fan,Plenum / unhoused,EC,310.0,,,,2869.0,630.0,,2150.0,285.0,,,70.0,230.0,50/60,1.57,PA66 / metal depending series,IP54,F,0-10 VDC / PWM where stated,-25 to +60 C,,,,,EC Backward centrifugal fans longwell__Part_02_p021-040__Sub_01_p021-030.pdf,2,Technical table parsed - review,Longwell backward-curved technical-table fields parsed by named column positions. Air Volume and Static Pressure are retained as catalogue summary values and the source page must be visually checked before engineering release.
Longwell,EC Backward Curved,LWBE3G310-102NS-19,Backward curved / plug fan,Plenum / unhoused,EC,310.0,,,,2936.0,700.0,,2300.0,370.0,,,76.0,230.0,50/60,2.6,PA66 / metal depending series,IP54,F,0-10 VDC / PWM where stated,-25 to +60 C,,,,,EC Backward centrifugal fans longwell__Part_02_p021-040__Sub_01_p021-030.pdf,3,Technical table parsed - review,Longwell backward-curved technical-table fields parsed by named column positions. Air Volume and Static Pressure are retained as catalogue summary values and the source page must be visually checked before engineering release.
Longwell,EC Backward Curved,LWBE3G310-102NS-18,Backward curved / plug fan,Plenum / unhoused,EC,310.0,,,,2884.0,963.0,,2600.0,450.0,,,78.0,230.0,50/60,3.0,PA66 / metal depending series,IP54,F,0-10 VDC / PWM where stated,-25 to +60 C,,,,,EC Backward centrifugal fans longwell__Part_02_p021-040__Sub_01_p021-030.pdf,3,Technical table parsed - review,Longwell backward-curved technical-table fields parsed by named column positions. Air Volume and Static Pressure are retained as catalogue summary values and the source page must be visually checked before engineering release.
Longwell,EC Backward Curved,LWBE3G310-138NT-05,Backward curved / plug fan,Plenum / unhoused,EC,310.0,,,,4398.0,824.0,,2600.0,980.0,,,74.0,400.0,50/60,1.64,PA66 / metal depending series,IP54,F,0-10 VDC / PWM where stated,-25 to +60 C,,,,,EC Backward centrifugal fans longwell__Part_02_p021-040__Sub_01_p021-030.pdf,4,Technical table parsed - review,Longwell backward-curved technical-table fields parsed by named column positions. Air Volume and Static Pressure are retained as catalogue summary values and the source page must be visually checked before engineering release.
Longwell,EC Backward Curved,LWBE3G310-138NT-25,Backward curved / plug fan,Plenum / unhoused,EC,310.0,,,,5593.0,1082.0,,3300.0,1588.0,,,92.0,400.0,50/60,2.4,PA66 / metal depending series,IP54,F,0-10 VDC / PWM where stated,-25 to +60 C,,,,,EC Backward centrifugal fans longwell__Part_02_p021-040__Sub_01_p021-030.pdf,4,Technical table parsed - review,Longwell backward-curved technical-table fields parsed by named column positions. Air Volume and Static Pressure are retained as catalogue summary values and the source page must be visually checked before engineering release.
Longwell,EC Backward Curved,LWBE3G355-092NS-19,Backward curved / plug fan,Plenum / unhoused,EC,355.0,,,,2472.0,350.0,,1400.0,120.0,,,68.0,230.0,50/60,0.9,PA66 / metal depending series,IP54,F,0-10 VDC / PWM where stated,-25 to +60 C,,,,,EC Backward centrifugal fans longwell__Part_02_p021-040__Sub_01_p021-030.pdf,5,Technical table parsed - review,Longwell backward-curved technical-table fields parsed by named column positions. Air Volume and Static Pressure are retained as catalogue summary values and the source page must be visually checked before engineering release.
Longwell,EC Backward Curved,LWBE3G355-102NS-20,Backward curved / plug fan,Plenum / unhoused,EC,355.0,,,,3554.0,618.0,,1800.0,285.0,,,76.0,230.0,50/60,2.0,PA66 / metal depending series,IP54,F,0-10 VDC / PWM where stated,-25 to +60 C,,,,,EC Backward centrifugal fans longwell__Part_02_p021-040__Sub_01_p021-030.pdf,5,Technical table parsed - review,Longwell backward-curved technical-table fields parsed by named column positions. Air Volume and Static Pressure are retained as catalogue summary values and the source page must be visually checked before engineering release.
Longwell,EC Backward Curved,LWBE3G355-102NS-21,Backward curved / plug fan,Plenum / unhoused,EC,355.0,,,,3142.0,670.0,,1900.0,330.0,,,77.0,230.0,50/60,1.5,PA66 / metal depending series,IP54,F,0-10 VDC / PWM where stated,-25 to +60 C,,,,,EC Backward centrifugal fans longwell__Part_02_p021-040__Sub_01_p021-030.pdf,6,Technical table parsed - review,Longwell backward-curved technical-table fields parsed by named column positions. Air Volume and Static Pressure are retained as catalogue summary values and the source page must be visually checked before engineering release.
Longwell,EC Backward Curved,LWBE3G355-102NS-15,Backward curved / plug fan,Plenum / unhoused,EC,355.0,,,,3915.0,770.0,,2050.0,498.0,,,,230.0,50/60,5.3,PA66 / metal depending series,IP54,F,0-10 VDC / PWM where stated,-25 to +60 C,,,,,EC Backward centrifugal fans longwell__Part_02_p021-040__Sub_01_p021-030.pdf,6,Technical table parsed - review,Longwell backward-curved technical-table fields parsed by named column positions. Air Volume and Static Pressure are retained as catalogue summary values and the source page must be visually checked before engineering release.
Longwell,EC Backward Curved,LWBE3G355-138NT-17,Backward curved / plug fan,Plenum / unhoused,EC,355.0,,,,5356.0,639.0,,2100.0,990.0,,,79.0,400.0,50/60,1.63,PA66 / metal depending series,IP54,F,0-10 VDC / PWM where stated,-25 to +60 C,,,,,EC Backward centrifugal fans longwell__Part_02_p021-040__Sub_01_p021-030.pdf,7,Technical table parsed - review,Longwell backward-curved technical-table fields parsed by named column positions. Air Volume and Static Pressure are retained as catalogue summary values and the source page must be visually checked before engineering release.
Longwell,EC Backward Curved,LWBE3G355-188NT-29,Backward curved / plug fan,Plenum / unhoused,EC,355.0,,,,6756.0,2524.0,,3800.0,3100.0,,,96.0,380.0,50/60,5.2,PA66 / metal depending series,IP54,F,0-10 VDC / PWM where stated,-25 to +60 C,,,,,EC Backward centrifugal fans longwell__Part_02_p021-040__Sub_01_p021-030.pdf,7,Technical table parsed - review,Longwell backward-curved technical-table fields parsed by named column positions. Air Volume and Static Pressure are retained as catalogue summary values and the source page must be visually checked before engineering release.
Longwell,EC Backward Curved,LWBE3G355-138NT-27,Backward curved / plug fan,Plenum / unhoused,EC,355.0,,,,6249.0,1353.0,,2710.0,1500.0,,,77.0,400.0,50/60,3.6,PA66 / metal depending series,IP54,F,0-10 VDC / PWM where stated,-25 to +60 C,,,,,EC Backward centrifugal fans longwell__Part_02_p021-040__Sub_01_p021-030.pdf,8,Technical table parsed - review,Longwell backward-curved technical-table fields parsed by named column positions. Air Volume and Static Pressure are retained as catalogue summary values and the source page must be visually checked before engineering release.
Longwell,EC Backward Curved,LWBE3G355-138NT-12,Backward curved / plug fan,Plenum / unhoused,EC,355.0,,,,7045.0,830.0,,2700.0,1700.0,,,81.0,400.0,50/60,2.8,PA66 / metal depending series,IP54,F,0-10 VDC / PWM where stated,-25 to +60 C,,,,,EC Backward centrifugal fans longwell__Part_02_p021-040__Sub_01_p021-030.pdf,8,Technical table parsed - review,Longwell backward-curved technical-table fields parsed by named column positions. Air Volume and Static Pressure are retained as catalogue summary values and the source page must be visually checked before engineering release.
Longwell,EC Backward Curved,LWBE3G355-188NT-26,Backward curved / plug fan,Plenum / unhoused,EC,355.0,,,,8034.0,1545.0,,3200.0,3090.0,,,96.0,400.0,50/60,4.2,PA66 / metal depending series,IP54,F,0-10 VDC / PWM where stated,-25 to +60 C,,,,,EC Backward centrifugal fans longwell__Part_02_p021-040__Sub_01_p021-030.pdf,9,Technical table parsed - review,Longwell backward-curved technical-table fields parsed by named column positions. Air Volume and Static Pressure are retained as catalogue summary values and the source page must be visually checked before engineering release.
Longwell,EC Backward Curved,LWBE3G400-138NT-12,Backward curved / plug fan,Plenum / unhoused,EC,400.0,,,,7459.0,840.0,,1100.0,1480.0,,,,400.0,50/60,2.4,PA66 / metal depending series,IP54,F,0-10 VDC / PWM where stated,-25 to +60 C,,,,,EC Backward centrifugal fans longwell__Part_02_p021-040__Sub_01_p021-030.pdf,9,Technical table parsed - review,Longwell backward-curved technical-table fields parsed by named column positions. Air Volume and Static Pressure are retained as catalogue summary values and the source page must be visually checked before engineering release.
Longwell,EC Backward Curved,LWBE3G400-102NS-14,Backward curved / plug fan,Plenum / unhoused,EC,400.0,,,,4463.0,420.0,,1250.0,297.0,,,,230.0,50/60,,PA66 / metal depending series,IP54,F,0-10 VDC / PWM where stated,-25 to +60 C,,,,,EC Backward centrifugal fans longwell__Part_02_p021-040__Sub_01_p021-030.pdf,10,Technical table parsed - review,Longwell backward-curved technical-table fields parsed by named column positions. Air Volume and Static Pressure are retained as catalogue summary values and the source page must be visually checked before engineering release.
Longwell,EC Backward Curved,LWBE3G400-102NS-15,Backward curved / plug fan,Plenum / unhoused,EC,400.0,,,,5476.0,600.0,,1520.0,500.0,,,,230.0,50/60,3.6,PA66 / metal depending series,IP54,F,0-10 VDC / PWM where stated,-25 to +60 C,,,,,EC Backward centrifugal fans longwell__Part_02_p021-040__Sub_01_p021-030.pdf,10,Technical table parsed - review,Longwell backward-curved technical-table fields parsed by named column positions. Air Volume and Static Pressure are retained as catalogue summary values and the source page must be visually checked before engineering release.
Longwell,EC Backward Curved,LWBE3G400-102NS-16,Backward curved / plug fan,Plenum / unhoused,EC,400.0,,,,3554.0,546.0,,1460.0,300.0,,,76.0,230.0,50/60,2.1,PA66 / metal depending series,IP54,F,0-10 VDC / PWM where stated,-25 to +60 C,,,,,EC Backward centrifugal fans longwell__Part_02_p021-040__Sub_02_p031-040.pdf,1,Technical table parsed - review,Longwell backward-curved technical-table fields parsed by named column positions. Air Volume and Static Pressure are retained as catalogue summary values and the source page must be visually checked before engineering release.
Longwell,EC Backward Curved,LWBE3G400-102NS-02,Backward curved / plug fan,Plenum / unhoused,EC,400.0,,,,3914.0,556.0,,1430.0,330.0,,,70.0,230.0,50/60,1.5,PA66 / metal depending series,IP54,F,0-10 VDC / PWM where stated,-25 to +60 C,,,,,EC Backward centrifugal fans longwell__Part_02_p021-040__Sub_02_p031-040.pdf,1,Technical table parsed - review,Longwell backward-curved technical-table fields parsed by named column positions. Air Volume and Static Pressure are retained as catalogue summary values and the source page must be visually checked before engineering release.
Longwell,EC Backward Curved,LWBE3G400-188NT-17,Backward curved / plug fan,Plenum / unhoused,EC,400.0,,,,9682.0,1627.0,,2650.0,2060.0,,,84.0,400.0,50/60,4.2,PA66 / metal depending series,IP54,F,0-10 VDC / PWM where stated,-25 to +60 C,,,,,EC Backward centrifugal fans longwell__Part_02_p021-040__Sub_02_p031-040.pdf,2,Technical table parsed - review,Longwell backward-curved technical-table fields parsed by named column positions. Air Volume and Static Pressure are retained as catalogue summary values and the source page must be visually checked before engineering release.
Longwell,EC Backward Curved,LWBE3G450-102NS-21,Backward curved / plug fan,Plenum / unhoused,EC,450.0,,,,5050.0,417.0,,1400.0,320.0,,,68.0,220.0,50/60,1.45,PA66 / metal depending series,IP54,F,0-10 VDC / PWM where stated,-25 to +60 C,,,,,EC Backward centrifugal fans longwell__Part_02_p021-040__Sub_02_p031-040.pdf,2,Technical table parsed - review,Longwell backward-curved technical-table fields parsed by named column positions. Air Volume and Static Pressure are retained as catalogue summary values and the source page must be visually checked before engineering release.
Longwell,EC Backward Curved,LWBE3G450-138NT-11,Backward curved / plug fan,Plenum / unhoused,EC,450.0,,,,5329.0,452.0,,1200.0,386.0,,,,400.0,50/60,,PA66 / metal depending series,IP54,F,0-10 VDC / PWM where stated,-25 to +60 C,,,,,EC Backward centrifugal fans longwell__Part_02_p021-040__Sub_02_p031-040.pdf,3,Technical table parsed - review,Longwell backward-curved technical-table fields parsed by named column positions. Air Volume and Static Pressure are retained as catalogue summary values and the source page must be visually checked before engineering release.
Longwell,EC Backward Curved,LWBE3G450-188NT-15,Backward curved / plug fan,Plenum / unhoused,EC,450.0,,,,7425.0,1568.0,,2400.0,1590.0,,,,400.0,50/60,3.45,PA66 / metal depending series,IP54,F,0-10 VDC / PWM where stated,-25 to +60 C,,,,,EC Backward centrifugal fans longwell__Part_02_p021-040__Sub_02_p031-040.pdf,3,Technical table parsed - review,Longwell backward-curved technical-table fields parsed by named column positions. Air Volume and Static Pressure are retained as catalogue summary values and the source page must be visually checked before engineering release.
Longwell,EC Backward Curved,LWBE3G450-138NT-12,Backward curved / plug fan,Plenum / unhoused,EC,450.0,,,,7182.0,730.0,,1610.0,900.0,,,,400.0,50/60,,PA66 / metal depending series,IP54,F,0-10 VDC / PWM where stated,-25 to +60 C,,,,,EC Backward centrifugal fans longwell__Part_02_p021-040__Sub_02_p031-040.pdf,4,Technical table parsed - review,Longwell backward-curved technical-table fields parsed by named column positions. Air Volume and Static Pressure are retained as catalogue summary values and the source page must be visually checked before engineering release.
Longwell,EC Backward Curved,LWBE3G450-138NT-08,Backward curved / plug fan,Plenum / unhoused,EC,450.0,,,,7828.0,824.0,,1720.0,910.0,,,,400.0,50/60,3.4,PA66 / metal depending series,IP54,F,0-10 VDC / PWM where stated,-25 to +60 C,,,,,EC Backward centrifugal fans longwell__Part_02_p021-040__Sub_02_p031-040.pdf,4,Technical table parsed - review,Longwell backward-curved technical-table fields parsed by named column positions. Air Volume and Static Pressure are retained as catalogue summary values and the source page must be visually checked before engineering release.
Longwell,EC Backward Curved,LWBE3G450-188NT-16,Backward curved / plug fan,Plenum / unhoused,EC,450.0,,,,8019.0,1802.0,,2600.0,2060.0,,,,400.0,50/60,4.2,PA66 / metal depending series,IP54,F,0-10 VDC / PWM where stated,-25 to +60 C,,,,,EC Backward centrifugal fans longwell__Part_02_p021-040__Sub_02_p031-040.pdf,5,Technical table parsed - review,Longwell backward-curved technical-table fields parsed by named column positions. Air Volume and Static Pressure are retained as catalogue summary values and the source page must be visually checked before engineering release.
Longwell,EC Backward Curved,LWBE3G450-188NT-14,Backward curved / plug fan,Plenum / unhoused,EC,450.0,,,,8985.0,840.0,,2600.0,2400.0,,,,400.0,50/60,5.2,PA66 / metal depending series,IP54,F,0-10 VDC / PWM where stated,-25 to +60 C,,,,,EC Backward centrifugal fans longwell__Part_02_p021-040__Sub_02_p031-040.pdf,5,Technical table parsed - review,Longwell backward-curved technical-table fields parsed by named column positions. Air Volume and Static Pressure are retained as catalogue summary values and the source page must be visually checked before engineering release.
Longwell,EC Backward Curved,LWBE3G450-188NT-22,Backward curved / plug fan,Plenum / unhoused,EC,450.0,,,,10752.0,1669.0,,2400.0,2400.0,,,92.0,380.0,50/60,4.0,PA66 / metal depending series,IP54,F,0-10 VDC / PWM where stated,-25 to +60 C,,,,,EC Backward centrifugal fans longwell__Part_02_p021-040__Sub_02_p031-040.pdf,6,Technical table parsed - review,Longwell backward-curved technical-table fields parsed by named column positions. Air Volume and Static Pressure are retained as catalogue summary values and the source page must be visually checked before engineering release.
Longwell,EC Backward Curved,LWBE3G450-188NT-17,Backward curved / plug fan,Plenum / unhoused,EC,450.0,,,,8661.0,2114.0,,2800.0,2595.0,,,,400.0,50/60,5.3,PA66 / metal depending series,IP54,F,0-10 VDC / PWM where stated,-25 to +60 C,,,,,EC Backward centrifugal fans longwell__Part_02_p021-040__Sub_02_p031-040.pdf,6,Technical table parsed - review,Longwell backward-curved technical-table fields parsed by named column positions. Air Volume and Static Pressure are retained as catalogue summary values and the source page must be visually checked before engineering release.
Longwell,EC Backward Curved,LWBE3G450-188NT-21,Backward curved / plug fan,Plenum / unhoused,EC,450.0,,,,12647.0,2342.0,,2800.0,4600.0,,,96.0,380.0,50/60,8.0,PA66 / metal depending series,IP54,F,0-10 VDC / PWM where stated,-25 to +60 C,,,,,EC Backward centrifugal fans longwell__Part_02_p021-040__Sub_02_p031-040.pdf,7,Technical table parsed - review,Longwell backward-curved technical-table fields parsed by named column positions. Air Volume and Static Pressure are retained as catalogue summary values and the source page must be visually checked before engineering release.
Longwell,EC Backward Curved,LWBE3G500-138NT-13,Backward curved / plug fan,Plenum / unhoused,EC,500.0,,,,8137.0,464.0,,1100.0,870.0,,,71.0,400.0,50/60,1.46,PA66 / metal depending series,IP54,F,0-10 VDC / PWM where stated,-25 to +60 C,,,,,EC Backward centrifugal fans longwell__Part_02_p021-040__Sub_02_p031-040.pdf,7,Technical table parsed - review,Longwell backward-curved technical-table fields parsed by named column positions. Air Volume and Static Pressure are retained as catalogue summary values and the source page must be visually checked before engineering release.
Longwell,EC Backward Curved,LWBE3G500-188NT-14,Backward curved / plug fan,Plenum / unhoused,EC,500.0,,,,10305.0,903.0,,1705.0,1900.0,,,,400.0,50/60,4.0,PA66 / metal depending series,IP54,F,0-10 VDC / PWM where stated,-25 to +60 C,,,,,EC Backward centrifugal fans longwell__Part_02_p021-040__Sub_02_p031-040.pdf,8,Technical table parsed - review,Longwell backward-curved technical-table fields parsed by named column positions. Air Volume and Static Pressure are retained as catalogue summary values and the source page must be visually checked before engineering release.
Longwell,EC Backward Curved,LWBE3G500-188NT-08,Backward curved / plug fan,Plenum / unhoused,EC,500.0,,,,14214.0,886.0,,1800.0,3000.0,,,89.0,400.0,50/60,4.95,PA66 / metal depending series,IP54,F,0-10 VDC / PWM where stated,-25 to +60 C,,,,,EC Backward centrifugal fans longwell__Part_02_p021-040__Sub_02_p031-040.pdf,8,Technical table parsed - review,Longwell backward-curved technical-table fields parsed by named column positions. Air Volume and Static Pressure are retained as catalogue summary values and the source page must be visually checked before engineering release.
Longwell,EC Backward Curved,LWBE3G500-188NT-09,Backward curved / plug fan,Plenum / unhoused,EC,500.0,,,,12243.0,1265.0,,2000.0,3160.0,,,,400.0,50/60,6.5,PA66 / metal depending series,IP54,F,0-10 VDC / PWM where stated,-25 to +60 C,,,,,EC Backward centrifugal fans longwell__Part_02_p021-040__Sub_02_p031-040.pdf,9,Technical table parsed - review,Longwell backward-curved technical-table fields parsed by named column positions. Air Volume and Static Pressure are retained as catalogue summary values and the source page must be visually checked before engineering release.
Longwell,EC Backward Curved,LWBE3G500-188NT-10,Backward curved / plug fan,Plenum / unhoused,EC,500.0,,,,13472.0,1541.0,,2200.0,4200.0,,,,400.0,50/60,9.0,PA66 / metal depending series,IP54,F,0-10 VDC / PWM where stated,-25 to +60 C,,,,,EC Backward centrifugal fans longwell__Part_02_p021-040__Sub_02_p031-040.pdf,9,Technical table parsed - review,Longwell backward-curved technical-table fields parsed by named column positions. Air Volume and Static Pressure are retained as catalogue summary values and the source page must be visually checked before engineering release.
Longwell,EC Backward Curved,LWBE3G560-188NT-10,Backward curved / plug fan,Plenum / unhoused,EC,560.0,,,,14879.0,1013.0,,1500.0,2420.0,,,,400.0,50/60,5.3,PA66 / metal depending series,IP54,F,0-10 VDC / PWM where stated,-25 to +60 C,,,,,EC Backward centrifugal fans longwell__Part_02_p021-040__Sub_02_p031-040.pdf,10,Technical table parsed - review,Longwell backward-curved technical-table fields parsed by named column positions. Air Volume and Static Pressure are retained as catalogue summary values and the source page must be visually checked before engineering release.
Longwell,EC Backward Curved,LWBE3G560-188NT-09,Backward curved / plug fan,Plenum / unhoused,EC,560.0,,,,16480.0,886.0,,1520.0,2770.0,,,81.0,400.0,50/60,4.4,PA66 / metal depending series,IP54,F,0-10 VDC / PWM where stated,-25 to +60 C,,,,,EC Backward centrifugal fans longwell__Part_02_p021-040__Sub_02_p031-040.pdf,10,Technical table parsed - review,Longwell backward-curved technical-table fields parsed by named column positions. Air Volume and Static Pressure are retained as catalogue summary values and the source page must be visually checked before engineering release.
Longwell,EC Backward Curved,LWBE3G560-188NT-01,Backward curved / plug fan,Plenum / unhoused,EC,560.0,,,,16039.0,1166.0,,1610.0,3300.0,,,,400.0,50/60,8.0,PA66 / metal depending series,IP54,F,0-10 VDC / PWM where stated,-25 to +60 C,,,,,EC Backward centrifugal fans longwell__Part_03_p041-043.pdf,1,Technical table parsed - review,Longwell backward-curved technical-table fields parsed by named column positions. Air Volume and Static Pressure are retained as catalogue summary values and the source page must be visually checked before engineering release.
Longwell,EC Backward Curved,LWBE3G560-188NT-14,Backward curved / plug fan,Plenum / unhoused,EC,560.0,,,,19760.0,1545.0,,1850.0,4700.0,,,91.0,380.0,50/60,7.9,PA66 / metal depending series,IP54,F,0-10 VDC / PWM where stated,-25 to +60 C,,,,,EC Backward centrifugal fans longwell__Part_03_p041-043.pdf,1,Technical table parsed - review,Longwell backward-curved technical-table fields parsed by named column positions. Air Volume and Static Pressure are retained as catalogue summary values and the source page must be visually checked before engineering release.
Longwell,EC Backward Curved,LWBE3G560-218NT-13,Backward curved / plug fan,Plenum / unhoused,EC,560.0,,,,23896.0,1442.0,,1800.0,5600.0,,,,400.0,50/60,9.5,PA66 / metal depending series,IP54,F,0-10 VDC / PWM where stated,-25 to +60 C,,,,,EC Backward centrifugal fans longwell__Part_03_p041-043.pdf,2,Technical table parsed - review,Longwell backward-curved technical-table fields parsed by named column positions. Air Volume and Static Pressure are retained as catalogue summary values and the source page must be visually checked before engineering release.
Longwell,EC Backward Curved,LWBE3G630-188NT-06,Backward curved / plug fan,Plenum / unhoused,EC,630.0,,,,19247.0,887.0,,1300.0,2195.0,,,,400.0,50/60,4.8,PA66 / metal depending series,IP54,F,0-10 VDC / PWM where stated,-25 to +60 C,,,,,EC Backward centrifugal fans longwell__Part_03_p041-043.pdf,2,Technical table parsed - review,Longwell backward-curved technical-table fields parsed by named column positions. Air Volume and Static Pressure are retained as catalogue summary values and the source page must be visually checked before engineering release.
Longwell,EC Backward Curved,LWBE3G630-188NT-07,Backward curved / plug fan,Plenum / unhoused,EC,630.0,,,,21100.0,1071.0,,1380.0,2955.0,,,,400.0,50/60,6.5,PA66 / metal depending series,IP54,F,0-10 VDC / PWM where stated,-25 to +60 C,,,,,EC Backward centrifugal fans longwell__Part_03_p041-043.pdf,3,Technical table parsed - review,Longwell backward-curved technical-table fields parsed by named column positions. Air Volume and Static Pressure are retained as catalogue summary values and the source page must be visually checked before engineering release.
Longwell,EC Backward Curved,LWBE3G630-188NT-09,Backward curved / plug fan,Plenum / unhoused,EC,630.0,,,,21742.0,1677.0,,1780.0,5600.0,,,,400.0,50/60,8.1,PA66 / metal depending series,IP54,F,0-10 VDC / PWM where stated,-25 to +60 C,,,,,EC Backward centrifugal fans longwell__Part_03_p041-043.pdf,3,Technical table parsed - review,Longwell backward-curved technical-table fields parsed by named column positions. Air Volume and Static Pressure are retained as catalogue summary values and the source page must be visually checked before engineering release.
