manufacturer,series,model,fan_type,arrangement,motor_type,impeller_diameter_mm,airflow_m3h,static_pressure_pa,rpm,input_power_w,noise_dba,voltage_v,frequency_hz,current_a,material,ip_rating,insulation_class,control,operating_temp,width_mm,height_mm,depth_mm,weight_kg,source_file,source_page,data_status,notes
Longwell,LWFE-120,LWFE3G120-072DS-01,Forward curved / Sirocco,DWDI / dual inlet,EC,120,433,263,1900,70,59.0,230,50/60,0.55,Metal,IP54,F,EC integrated,-30 to +60 C,,,,,EC Dual Inlet Forward Centrifugal Blower longwell.pdf,6,Verified from catalogue,
Longwell,LWFE-133,LWFE3G133-072DS-01,Forward curved / Sirocco,DWDI / dual inlet,EC,133,773,288,1750,105,69.0,230,50/60,0.8,Metal,IP54,F,EC integrated,-30 to +60 C,,,,,EC Dual Inlet Forward Centrifugal Blower longwell.pdf,6,Verified from catalogue,
Longwell,LWFE-133,LWFE3G133-072DS-02,Forward curved / Sirocco,DWDI / dual inlet,EC,133,979,484,1450,120,70.0,230,50/60,0.95,Metal,IP54,F,EC integrated,-30 to +60 C,,,,,EC Dual Inlet Forward Centrifugal Blower longwell.pdf,7,Verified from catalogue,
Longwell,LWFE-146,LWFE3G146-092DS-02,Forward curved / Sirocco,DWDI / dual inlet,EC,146,855,536,1300,80,59.0,230,50/60,0.6,Metal,IP54,F,EC integrated,-30 to +60 C,,,,,EC Dual Inlet Forward Centrifugal Blower longwell.pdf,8,Verified from catalogue,
Longwell,LWFA-108,LWFA2E108-072NS-01,Forward curved / Sirocco,SWSI / single inlet,AC,108,155,185,2550,30,53.0,230,50,,Galvanised sheet steel,IP54,B,Fixed speed,-30 to +60 C,,,,,AC Forward Centrifugal Fan longwell.pdf,6,Verified from catalogue,
Longwell,LWFA-120,LWFA2E120-092NS-01,Forward curved / Sirocco,SWSI / single inlet,AC,120,206,278,2550,50,51.0,230,50,0.25,Galvanised sheet steel,IP54,F,Fixed speed,-30 to +60 C,,,,,AC Forward Centrifugal Fan longwell.pdf,6,Verified from catalogue,
Longwell,LWBE-155,LWBE3G155-072NS-02,Backward curved / plug fan,SWSI / single inlet,EC,155,433,371,3570,40,63.0,230,50/60,0.3,Plastic PA66,IP44,F,0-10VDC/PWM,-25 to +60 C,,,,,EC Backward centrifugal fans longwell__Part_01_p001-020__Sub_01_p001-010.pdf,7,Verified from catalogue,
Longwell,LWBE-175,LWBE3G175-072NS-10,Backward curved / plug fan,SWSI / single inlet,EC,175,924,893,5020,132,,230,50/60,0.6,Plastic PA66,IP54,F,0-10VDC/PWM,-25 to +60 C,,,,,EC Backward centrifugal fans longwell__Part_01_p001-020__Sub_01_p001-010.pdf,8,Verified from catalogue,
Longwell,LWBE-190,LWBE3G190-072NS-16,Backward curved / plug fan,SWSI / single inlet,EC,190,851,798,4230,104,70.0,230,50/60,1.16,Plastic PA66,IP54,F,0-10VDC/PWM,-25 to +60 C,,,,,EC Backward centrifugal fans longwell__Part_01_p001-020__Sub_01_p001-010.pdf,8,Verified from catalogue,
Longwell,LWBE-225,LWBE3G225-092NS-13,Backward curved / plug fan,SWSI / single inlet,EC,225,1630,839,3500,315,71.0,230,50/60,1.87,PA6+GF,IP54,F,0-10VDC/PWM,-25 to +60 C,,,,,EC Backward centrifugal fans longwell__Part_01_p001-020__Sub_02_p011-020.pdf,1,Verified from catalogue,
