original_file,part_file,original_start_page,original_end_page,part_page_count,size_mb
EC Backward centrifugal fans longwell.pdf,EC Backward centrifugal fans longwell__Part_01_p001-020__Sub_01_p001-010.pdf,1,10,10,10.060051918029783
EC Backward centrifugal fans longwell.pdf,EC Backward centrifugal fans longwell__Part_01_p001-020__Sub_02_p011-020.pdf,11,20,10,10.328306198120115
EC Backward centrifugal fans longwell.pdf,EC Backward centrifugal fans longwell__Part_02_p021-040__Sub_01_p021-030.pdf,21,30,10,11.603071212768556
EC Backward centrifugal fans longwell.pdf,EC Backward centrifugal fans longwell__Part_02_p021-040__Sub_02_p031-040.pdf,31,40,10,10.814746856689451
EC Backward centrifugal fans longwell.pdf,EC Backward centrifugal fans longwell__Part_03_p041-043.pdf,41,43,3,4.812917709350586
SEEMTEK Axial Fan Product Catalog 72.pdf,SEEMTEK Axial Fan Product Catalog 72__Part_01_p001-020.pdf,1,20,20,11.113880157470703
SEEMTEK Axial Fan Product Catalog 72.pdf,SEEMTEK Axial Fan Product Catalog 72__Part_02_p021-040.pdf,21,40,20,7.706221580505371
SEEMTEK Axial Fan Product Catalog 72.pdf,SEEMTEK Axial Fan Product Catalog 72__Part_03_p041-060.pdf,41,60,20,10.04798984527588
SEEMTEK Axial Fan Product Catalog 72.pdf,SEEMTEK Axial Fan Product Catalog 72__Part_04_p061-071.pdf,61,71,11,5.090145111083984
seemtek Forward Curved Centrifugal blower catalogue.pdf,seemtek Forward Curved Centrifugal blower catalogue__Part_01_p001-020__Sub_01_p001-010.pdf,1,10,10,17.180373191833496
seemtek Forward Curved Centrifugal blower catalogue.pdf,seemtek Forward Curved Centrifugal blower catalogue__Part_01_p001-020__Sub_02_p011-020.pdf,11,20,10,8.177183151245117
seemtek Forward Curved Centrifugal blower catalogue.pdf,seemtek Forward Curved Centrifugal blower catalogue__Part_02_p021-040.pdf,21,40,20,7.370194435119629
seemtek Forward Curved Centrifugal blower catalogue.pdf,seemtek Forward Curved Centrifugal blower catalogue__Part_03_p041-060.pdf,41,60,20,8.521876335144043
seemtek Forward Curved Centrifugal blower catalogue.pdf,seemtek Forward Curved Centrifugal blower catalogue__Part_04_p061-080.pdf,61,80,20,7.103825569152832
seemtek Forward Curved Centrifugal blower catalogue.pdf,seemtek Forward Curved Centrifugal blower catalogue__Part_05_p081-091.pdf,81,91,11,3.723466873168945
Airtek Power Catalog (AC _ EC).pdf,Airtek_Power_V2024_Intro_p001-005.pdf,1,5,5,0.40411853790283203
Airtek Power Catalog (AC _ EC).pdf,Airtek_Power_V2024_EC_Backward_p006-055.pdf,6,55,50,3.4601879119873047
Airtek Power Catalog (AC _ EC).pdf,Airtek_Power_V2024_AC_Backward_p056-142.pdf,56,142,87,4.891524314880371
Airtek Power Catalog (AC _ EC).pdf,Airtek_Power_V2024_EC_Forward_p143-153.pdf,143,153,11,0.8048372268676758
Airtek Power Catalog (AC _ EC).pdf,Airtek_Power_V2024_AC_Forward_p154-169.pdf,154,169,16,1.1832332611083984
Airtek Power Catalog (AC _ EC).pdf,Airtek_Power_V2024_EC_Single_Inlet_p170-187.pdf,170,187,18,1.0689926147460938
Airtek Power Catalog (AC _ EC).pdf,Airtek_Power_V2024_AC_Single_Inlet_p188-203.pdf,188,203,16,1.1032342910766602
Airtek Power Catalog (AC _ EC).pdf,Airtek_Power_V2024_EC_Double_Inlet_p204-222.pdf,204,222,19,1.2786102294921875
Airtek Power Catalog (AC _ EC).pdf,Airtek_Power_V2024_AC_Double_Inlet_p223-246.pdf,223,246,24,1.7830839157104492
Airtek Power Catalog (AC _ EC).pdf,Airtek_Power_V2024_EC_Axial_p247-308.pdf,247,308,62,3.3364391326904297
Airtek Power Catalog (AC _ EC).pdf,Airtek_Power_V2024_AC_Axial_p309-333.pdf,309,333,25,1.5101823806762695
Airtek Power Catalog (AC _ EC).pdf,Airtek_Power_V2024_EC_Duct_p334-341.pdf,334,341,8,0.7204313278198242
Airtek Power Catalog (AC _ EC).pdf,Airtek_Power_V2024_AC_Duct_p342-350.pdf,342,350,9,0.7731590270996094
