manufacturer,title,filename,page_count,product_scope,document_type,source_status
Seemtek,Forward Curved Centrifugal Blower Catalogue - pages 1-20,seemtek Forward Curved Centrifugal blower catalogue__Part_01_p001-020.pdf,20,EC/DC single and dual inlet forward-curved blowers and impellers,Embedded manufacturer catalogue,Embedded split PDF - GitHub web-upload compatible
Seemtek,Forward Curved Centrifugal Blower Catalogue - pages 21-40,seemtek Forward Curved Centrifugal blower catalogue__Part_02_p021-040.pdf,20,EC/DC single and dual inlet forward-curved blowers and impellers,Embedded manufacturer catalogue,Embedded split PDF - GitHub web-upload compatible
Seemtek,Forward Curved Centrifugal Blower Catalogue - pages 41-60,seemtek Forward Curved Centrifugal blower catalogue__Part_03_p041-060.pdf,20,EC/DC single and dual inlet forward-curved blowers and impellers,Embedded manufacturer catalogue,Embedded split PDF - GitHub web-upload compatible
Seemtek,Forward Curved Centrifugal Blower Catalogue - pages 61-80,seemtek Forward Curved Centrifugal blower catalogue__Part_04_p061-080.pdf,20,EC/DC single and dual inlet forward-curved blowers and impellers,Embedded manufacturer catalogue,Embedded split PDF - GitHub web-upload compatible
Seemtek,Forward Curved Centrifugal Blower Catalogue - pages 81-91,seemtek Forward Curved Centrifugal blower catalogue__Part_05_p081-091.pdf,11,EC/DC single and dual inlet forward-curved blowers and impellers,Embedded manufacturer catalogue,Embedded split PDF - GitHub web-upload compatible
Seemtek,Axial Fan Product Catalog - pages 1-20,SEEMTEK Axial Fan Product Catalog 72__Part_01_p001-020.pdf,20,EC axial fan products,Embedded manufacturer catalogue,Embedded split PDF - GitHub web-upload compatible
Seemtek,Axial Fan Product Catalog - pages 21-40,SEEMTEK Axial Fan Product Catalog 72__Part_02_p021-040.pdf,20,EC axial fan products,Embedded manufacturer catalogue,Embedded split PDF - GitHub web-upload compatible
Seemtek,Axial Fan Product Catalog - pages 41-60,SEEMTEK Axial Fan Product Catalog 72__Part_03_p041-060.pdf,20,EC axial fan products,Embedded manufacturer catalogue,Embedded split PDF - GitHub web-upload compatible
Seemtek,Axial Fan Product Catalog - pages 61-71,SEEMTEK Axial Fan Product Catalog 72__Part_04_p061-071.pdf,11,EC axial fan products,Embedded manufacturer catalogue,Embedded split PDF - GitHub web-upload compatible
Seemtek,Impeller Brochure - Vulturnus / AeroPlus / Aeolus,SEEMTEK - Impeller Brochure.pdf,28,Backward-curved impellers and inlet rings,Embedded manufacturer catalogue,Embedded in v26
Longwell,AC Forward Centrifugal Fan,AC Forward Centrifugal Fan longwell.pdf,14,AC forward-curved centrifugal fans,Embedded manufacturer catalogue,Embedded in v26
Longwell,EC Dual Inlet Forward Centrifugal Blower,EC Dual Inlet Forward Centrifugal Blower longwell.pdf,16,EC dual-inlet forward-curved blowers,Embedded manufacturer catalogue,Embedded in v26
Longwell,EC Backward Curved Centrifugal Fans - pages 1-20,EC Backward centrifugal fans longwell__Part_01_p001-020.pdf,20,EC backward-curved centrifugal fans,Embedded manufacturer catalogue,Embedded split PDF - GitHub web-upload compatible
Longwell,EC Backward Curved Centrifugal Fans - pages 21-40,EC Backward centrifugal fans longwell__Part_02_p021-040.pdf,20,EC backward-curved centrifugal fans,Embedded manufacturer catalogue,Embedded split PDF - GitHub web-upload compatible
Longwell,EC Backward Curved Centrifugal Fans - pages 41-43,EC Backward centrifugal fans longwell__Part_03_p041-043.pdf,3,EC backward-curved centrifugal fans,Embedded manufacturer catalogue,Embedded split PDF - GitHub web-upload compatible
Seemtek,SEEMTEK Achelous Brochure 72,SEEMTEK Achelous Brochure 72.pdf,24,Embedded reference/application brochure; product pages viewable in app,Embedded manufacturer catalogue,Embedded in v26
Seemtek,seemtek Romulus - Backward Centrifugal Fan,seemtek Romulus - Backward Centrifugal Fan.pdf,19,Embedded reference/application brochure; product pages viewable in app,Embedded manufacturer catalogue,Embedded in v26
Seemtek,Seemtek AHU Fan Retrofit,Seemtek AHU Fan Retrofit.pdf,6,Embedded reference/application brochure; product pages viewable in app,Embedded manufacturer catalogue,Embedded in v26
Seemtek,seemtek cooling tower axial fans,seemtek cooling tower axial fans.pdf,8,Embedded reference/application brochure; product pages viewable in app,Embedded manufacturer catalogue,Embedded in v26
Airtek Power,Airtek Power Product Manual V.2024,Airtek Power Catalog (AC _ EC).pdf,350,"EC/AC backward curved, forward curved, single/double inlet, axial and duct fans",Embedded manufacturer catalogue,Embedded original PDF - GitHub browser compatible
